{
    "sourceFile": "src/main/resources/static/css/header.css",
    "activeCommit": 0,
    "commits": [
        {
            "activePatchIndex": 26,
            "patches": [
                {
                    "date": 1716576830795,
                    "content": "Index: \n===================================================================\n--- \n+++ \n"
                },
                {
                    "date": 1716577391844,
                    "content": "Index: \n===================================================================\n--- \n+++ \n@@ -15,9 +15,9 @@\n     justify-content: center;\r\n }\r\n \r\n header {\r\n-    background-color: var(--branco);\r\n+    background: #f4f4f9;\r\n     display: flex;\r\n     flex-direction: row;\r\n     padding: 2px;\r\n }\r\n"
                },
                {
                    "date": 1716577449732,
                    "content": "Index: \n===================================================================\n--- \n+++ \n@@ -16,9 +16,8 @@\n }\r\n \r\n header {\r\n     background: #f4f4f9;\r\n-    display: flex;\r\n     flex-direction: row;\r\n     padding: 2px;\r\n }\r\n \r\n"
                },
                {
                    "date": 1716577454996,
                    "content": "Index: \n===================================================================\n--- \n+++ \n@@ -16,8 +16,9 @@\n }\r\n \r\n header {\r\n     background: #f4f4f9;\r\n+    display: flex;\r\n     flex-direction: row;\r\n     padding: 2px;\r\n }\r\n \r\n"
                },
                {
                    "date": 1716577476276,
                    "content": "Index: \n===================================================================\n--- \n+++ \n@@ -10,9 +10,9 @@\n \r\n body {\r\n     background: #f4f4f9;\r\n     color: #333;\r\n-    display: flex;\r\n+    /* display: flex; */\r\n     justify-content: center;\r\n }\r\n \r\n header {\r\n"
                },
                {
                    "date": 1716577528925,
                    "content": "Index: \n===================================================================\n--- \n+++ \n@@ -10,10 +10,8 @@\n \r\n body {\r\n     background: #f4f4f9;\r\n     color: #333;\r\n-    /* display: flex; */\r\n-    justify-content: center;\r\n }\r\n \r\n header {\r\n     background: #f4f4f9;\r\n"
                },
                {
                    "date": 1716577567100,
                    "content": "Index: \n===================================================================\n--- \n+++ \n@@ -20,9 +20,9 @@\n     padding: 2px;\r\n }\r\n \r\n #logo {\r\n-    width: 55px;\r\n+    width: 5px;\r\n     margin-top: 5px;\r\n }\r\n .direito{\r\n     width: 90%;\r\n"
                },
                {
                    "date": 1716577580280,
                    "content": "Index: \n===================================================================\n--- \n+++ \n@@ -20,9 +20,9 @@\n     padding: 2px;\r\n }\r\n \r\n #logo {\r\n-    width: 5px;\r\n+    maxwidth: 5px;\r\n     margin-top: 5px;\r\n }\r\n .direito{\r\n     width: 90%;\r\n"
                },
                {
                    "date": 1716577590178,
                    "content": "Index: \n===================================================================\n--- \n+++ \n@@ -0,0 +1,59 @@\n+@import url('https://fonts.googleapis.com/css2?family=Roboto:ital,wght@0,100;0,300;0,400;0,500;0,700;0,900;1,100;1,300;1,400;1,500;1,700;1,900&display=swap');\r\n+@import url(\"colors.css\");\r\n+@import url(\"button.css\");\r\n+\r\n+* {\r\n+    margin: 0%;\r\n+    padding: 0%;\r\n+    font-family: 'Roboto', sans-serif;\r\n+}\r\n+\r\n+body {\r\n+    background: #f4f4f9;\r\n+    color: #333;\r\n+}\r\n+\r\n+header {\r\n+    background: #f4f4f9;\r\n+    display: flex;\r\n+    flex-direction: row;\r\n+    padding: 2px;\r\n+}\r\n+\r\n+#logo {\r\n+    max-width: 50px;\r\n+    margin-top: 5px;\r\n+}\r\n+.direito{\r\n+    width: 90%;\r\n+}\r\n+\r\n+.header {\r\n+    display: flex;\r\n+    height: 20px;\r\n+    margin-top: 5px;\r\n+    margin-left: 5px;\r\n+}\r\n+\r\n+#buttons {\r\n+    display: flex;\r\n+    flex-direction: row;\r\n+    padding: 10px;\r\n+    justify-content: space-between;\r\n+}\r\n+\r\n+.drop {\r\n+    margin-top: 5px;\r\n+    margin-left: 10px;\r\n+    height: 40px;\r\n+}\r\n+\r\n+#submenu.active {\r\n+    right: 0;\r\n+}\r\n+\r\n+.botao_sair {\r\n+    margin-left: 5px;\r\n+    margin-top: 5px;\r\n+    height: 40px;\r\n+}\n\\ No newline at end of file\n"
                },
                {
                    "date": 1716577598486,
                    "content": "Index: \n===================================================================\n--- \n+++ \n@@ -0,0 +1,59 @@\n+@import url('https://fonts.googleapis.com/css2?family=Roboto:ital,wght@0,100;0,300;0,400;0,500;0,700;0,900;1,100;1,300;1,400;1,500;1,700;1,900&display=swap');\r\n+@import url(\"colors.css\");\r\n+@import url(\"button.css\");\r\n+\r\n+* {\r\n+    margin: 0%;\r\n+    padding: 0%;\r\n+    font-family: 'Roboto', sans-serif;\r\n+}\r\n+\r\n+body {\r\n+    background: #f4f4f9;\r\n+    color: #333;\r\n+}\r\n+\r\n+header {\r\n+    background: #f4f4f9;\r\n+    display: flex;\r\n+    flex-direction: row;\r\n+    padding: 2px;\r\n+}\r\n+\r\n+#logo {\r\n+    max-width: 50px;\r\n+    /* margin-top: 5px; */\r\n+}\r\n+.direito{\r\n+    width: 90%;\r\n+}\r\n+\r\n+.header {\r\n+    display: flex;\r\n+    height: 20px;\r\n+    margin-top: 5px;\r\n+    margin-left: 5px;\r\n+}\r\n+\r\n+#buttons {\r\n+    display: flex;\r\n+    flex-direction: row;\r\n+    padding: 10px;\r\n+    justify-content: space-between;\r\n+}\r\n+\r\n+.drop {\r\n+    margin-top: 5px;\r\n+    margin-left: 10px;\r\n+    height: 40px;\r\n+}\r\n+\r\n+#submenu.active {\r\n+    right: 0;\r\n+}\r\n+\r\n+.botao_sair {\r\n+    margin-left: 5px;\r\n+    margin-top: 5px;\r\n+    height: 40px;\r\n+}\n\\ No newline at end of file\n"
                },
                {
                    "date": 1716577604843,
                    "content": "Index: \n===================================================================\n--- \n+++ \n@@ -21,9 +21,9 @@\n }\r\n \r\n #logo {\r\n     max-width: 50px;\r\n-    /* margin-top: 5px; */\r\n+    margin-top: 5px;\r\n }\r\n .direito{\r\n     width: 90%;\r\n }\r\n"
                },
                {
                    "date": 1716577611546,
                    "content": "Index: \n===================================================================\n--- \n+++ \n@@ -0,0 +1,59 @@\n+@import url('https://fonts.googleapis.com/css2?family=Roboto:ital,wght@0,100;0,300;0,400;0,500;0,700;0,900;1,100;1,300;1,400;1,500;1,700;1,900&display=swap');\r\n+@import url(\"colors.css\");\r\n+@import url(\"button.css\");\r\n+\r\n+* {\r\n+    margin: 0%;\r\n+    padding: 0%;\r\n+    font-family: 'Roboto', sans-serif;\r\n+}\r\n+\r\n+body {\r\n+    background: #f4f4f9;\r\n+    color: #333;\r\n+}\r\n+\r\n+header {\r\n+    background: #f4f4f9;\r\n+    display: flex;\r\n+    flex-direction: row;\r\n+    padding: 2px;\r\n+}\r\n+\r\n+#logo {\r\n+    max-width: 50px;\r\n+    margin-top: 5px;\r\n+}\r\n+.direito{\r\n+    width: 50%;\r\n+}\r\n+\r\n+.header {\r\n+    display: flex;\r\n+    height: 20px;\r\n+    margin-top: 5px;\r\n+    margin-left: 5px;\r\n+}\r\n+\r\n+#buttons {\r\n+    display: flex;\r\n+    flex-direction: row;\r\n+    padding: 10px;\r\n+    justify-content: space-between;\r\n+}\r\n+\r\n+.drop {\r\n+    margin-top: 5px;\r\n+    margin-left: 10px;\r\n+    height: 40px;\r\n+}\r\n+\r\n+#submenu.active {\r\n+    right: 0;\r\n+}\r\n+\r\n+.botao_sair {\r\n+    margin-left: 5px;\r\n+    margin-top: 5px;\r\n+    height: 40px;\r\n+}\n\\ No newline at end of file\n"
                },
                {
                    "date": 1716577619447,
                    "content": "Index: \n===================================================================\n--- \n+++ \n@@ -24,9 +24,9 @@\n     max-width: 50px;\r\n     margin-top: 5px;\r\n }\r\n .direito{\r\n-    width: 50%;\r\n+    width: 90%;\r\n }\r\n \r\n .header {\r\n     display: flex;\r\n"
                },
                {
                    "date": 1716577873315,
                    "content": "Index: \n===================================================================\n--- \n+++ \n@@ -20,9 +20,9 @@\n     padding: 2px;\r\n }\r\n \r\n #logo {\r\n-    max-width: 50px;\r\n+    max-width: 150px;\r\n     margin-top: 5px;\r\n }\r\n .direito{\r\n     width: 90%;\r\n@@ -55,182 +55,5 @@\n .botao_sair {\r\n     margin-left: 5px;\r\n     margin-top: 5px;\r\n     height: 40px;\r\n-}\n-@import url('https://fonts.googleapis.com/css2?family=Roboto:ital,wght@0,100;0,300;0,400;0,500;0,700;0,900;1,100;1,300;1,400;1,500;1,700;1,900&display=swap');\r\n-@import url(\"colors.css\");\r\n-@import url(\"button.css\");\r\n-\r\n-* {\r\n-    margin: 0%;\r\n-    padding: 0%;\r\n-    font-family: 'Roboto', sans-serif;\r\n-}\r\n-\r\n-body {\r\n-    background: #f4f4f9;\r\n-    color: #333;\r\n-}\r\n-\r\n-header {\r\n-    background: #f4f4f9;\r\n-    display: flex;\r\n-    flex-direction: row;\r\n-    padding: 2px;\r\n-}\r\n-\r\n-#logo {\r\n-    max-width: 50px;\r\n-    margin-top: 5px;\r\n-}\r\n-.direito{\r\n-    width: 90%;\r\n-}\r\n-\r\n-.header {\r\n-    display: flex;\r\n-    height: 20px;\r\n-    margin-top: 5px;\r\n-    margin-left: 5px;\r\n-}\r\n-\r\n-#buttons {\r\n-    display: flex;\r\n-    flex-direction: row;\r\n-    padding: 10px;\r\n-    justify-content: space-between;\r\n-}\r\n-\r\n-.drop {\r\n-    margin-top: 5px;\r\n-    margin-left: 10px;\r\n-    height: 40px;\r\n-}\r\n-\r\n-#submenu.active {\r\n-    right: 0;\r\n-}\r\n-\r\n-.botao_sair {\r\n-    margin-left: 5px;\r\n-    margin-top: 5px;\r\n-    height: 40px;\r\n-}\n-@import url('https://fonts.googleapis.com/css2?family=Roboto:ital,wght@0,100;0,300;0,400;0,500;0,700;0,900;1,100;1,300;1,400;1,500;1,700;1,900&display=swap');\r\n-@import url(\"colors.css\");\r\n-@import url(\"button.css\");\r\n-\r\n-* {\r\n-    margin: 0%;\r\n-    padding: 0%;\r\n-    font-family: 'Roboto', sans-serif;\r\n-}\r\n-\r\n-body {\r\n-    background: #f4f4f9;\r\n-    color: #333;\r\n-}\r\n-\r\n-header {\r\n-    background: #f4f4f9;\r\n-    display: flex;\r\n-    flex-direction: row;\r\n-    padding: 2px;\r\n-}\r\n-\r\n-#logo {\r\n-    max-width: 50px;\r\n-    margin-top: 5px;\r\n-}\r\n-.direito{\r\n-    width: 90%;\r\n-}\r\n-\r\n-.header {\r\n-    display: flex;\r\n-    height: 20px;\r\n-    margin-top: 5px;\r\n-    margin-left: 5px;\r\n-}\r\n-\r\n-#buttons {\r\n-    display: flex;\r\n-    flex-direction: row;\r\n-    padding: 10px;\r\n-    justify-content: space-between;\r\n-}\r\n-\r\n-.drop {\r\n-    margin-top: 5px;\r\n-    margin-left: 10px;\r\n-    height: 40px;\r\n-}\r\n-\r\n-#submenu.active {\r\n-    right: 0;\r\n-}\r\n-\r\n-.botao_sair {\r\n-    margin-left: 5px;\r\n-    margin-top: 5px;\r\n-    height: 40px;\r\n-}\n-@import url('https://fonts.googleapis.com/css2?family=Roboto:ital,wght@0,100;0,300;0,400;0,500;0,700;0,900;1,100;1,300;1,400;1,500;1,700;1,900&display=swap');\r\n-@import url(\"colors.css\");\r\n-@import url(\"button.css\");\r\n-\r\n-* {\r\n-    margin: 0%;\r\n-    padding: 0%;\r\n-    font-family: 'Roboto', sans-serif;\r\n-}\r\n-\r\n-body {\r\n-    background: #f4f4f9;\r\n-    color: #333;\r\n-}\r\n-\r\n-header {\r\n-    background: #f4f4f9;\r\n-    display: flex;\r\n-    flex-direction: row;\r\n-    padding: 2px;\r\n-}\r\n-\r\n-#logo {\r\n-    maxwidth: 5px;\r\n-    margin-top: 5px;\r\n-}\r\n-.direito{\r\n-    width: 90%;\r\n-}\r\n-\r\n-.header {\r\n-    display: flex;\r\n-    height: 20px;\r\n-    margin-top: 5px;\r\n-    margin-left: 5px;\r\n-}\r\n-\r\n-#buttons {\r\n-    display: flex;\r\n-    flex-direction: row;\r\n-    padding: 10px;\r\n-    justify-content: space-between;\r\n-}\r\n-\r\n-.drop {\r\n-    margin-top: 5px;\r\n-    margin-left: 10px;\r\n-    height: 40px;\r\n-}\r\n-\r\n-#submenu.active {\r\n-    right: 0;\r\n-}\r\n-\r\n-.botao_sair {\r\n-    margin-left: 5px;\r\n-    margin-top: 5px;\r\n-    height: 40px;\r\n }\n\\ No newline at end of file\n"
                },
                {
                    "date": 1716577882480,
                    "content": "Index: \n===================================================================\n--- \n+++ \n@@ -20,9 +20,9 @@\n     padding: 2px;\r\n }\r\n \r\n #logo {\r\n-    max-width: 150px;\r\n+    max-width: 250px;\r\n     margin-top: 5px;\r\n }\r\n .direito{\r\n     width: 90%;\r\n"
                },
                {
                    "date": 1716577896451,
                    "content": "Index: \n===================================================================\n--- \n+++ \n@@ -0,0 +1,59 @@\n+@import url('https://fonts.googleapis.com/css2?family=Roboto:ital,wght@0,100;0,300;0,400;0,500;0,700;0,900;1,100;1,300;1,400;1,500;1,700;1,900&display=swap');\r\n+@import url(\"colors.css\");\r\n+@import url(\"button.css\");\r\n+\r\n+* {\r\n+    margin: 0%;\r\n+    padding: 0%;\r\n+    font-family: 'Roboto', sans-serif;\r\n+}\r\n+\r\n+body {\r\n+    background: #f4f4f9;\r\n+    color: #333;\r\n+}\r\n+\r\n+header {\r\n+    background: #f4f4f9;\r\n+    display: flex;\r\n+    flex-direction: row;\r\n+    padding: 2px;\r\n+}\r\n+\r\n+#logo {\r\n+    max-width: 250px;\r\n+    /* margin-top: 5px; */\r\n+}\r\n+.direito{\r\n+    width: 90%;\r\n+}\r\n+\r\n+.header {\r\n+    display: flex;\r\n+    height: 20px;\r\n+    margin-top: 5px;\r\n+    margin-left: 5px;\r\n+}\r\n+\r\n+#buttons {\r\n+    display: flex;\r\n+    flex-direction: row;\r\n+    padding: 10px;\r\n+    justify-content: space-between;\r\n+}\r\n+\r\n+.drop {\r\n+    margin-top: 5px;\r\n+    margin-left: 10px;\r\n+    height: 40px;\r\n+}\r\n+\r\n+#submenu.active {\r\n+    right: 0;\r\n+}\r\n+\r\n+.botao_sair {\r\n+    margin-left: 5px;\r\n+    margin-top: 5px;\r\n+    height: 40px;\r\n+}\n\\ No newline at end of file\n"
                },
                {
                    "date": 1716577907775,
                    "content": "Index: \n===================================================================\n--- \n+++ \n@@ -0,0 +1,59 @@\n+@import url('https://fonts.googleapis.com/css2?family=Roboto:ital,wght@0,100;0,300;0,400;0,500;0,700;0,900;1,100;1,300;1,400;1,500;1,700;1,900&display=swap');\r\n+@import url(\"colors.css\");\r\n+@import url(\"button.css\");\r\n+\r\n+* {\r\n+    margin: 0%;\r\n+    padding: 0%;\r\n+    font-family: 'Roboto', sans-serif;\r\n+}\r\n+\r\n+body {\r\n+    background: #f4f4f9;\r\n+    color: #333;\r\n+}\r\n+\r\n+header {\r\n+    background: #f4f4f9;\r\n+    display: flex;\r\n+    flex-direction: row;\r\n+    padding: 2px;\r\n+}\r\n+\r\n+#logo {\r\n+    max-width: 550px;\r\n+    /* margin-top: 5px; */\r\n+}\r\n+.direito{\r\n+    width: 90%;\r\n+}\r\n+\r\n+.header {\r\n+    display: flex;\r\n+    height: 20px;\r\n+    margin-top: 5px;\r\n+    margin-left: 5px;\r\n+}\r\n+\r\n+#buttons {\r\n+    display: flex;\r\n+    flex-direction: row;\r\n+    padding: 10px;\r\n+    justify-content: space-between;\r\n+}\r\n+\r\n+.drop {\r\n+    margin-top: 5px;\r\n+    margin-left: 10px;\r\n+    height: 40px;\r\n+}\r\n+\r\n+#submenu.active {\r\n+    right: 0;\r\n+}\r\n+\r\n+.botao_sair {\r\n+    margin-left: 5px;\r\n+    margin-top: 5px;\r\n+    height: 40px;\r\n+}\n\\ No newline at end of file\n"
                },
                {
                    "date": 1716577914491,
                    "content": "Index: \n===================================================================\n--- \n+++ \n@@ -0,0 +1,59 @@\n+@import url('https://fonts.googleapis.com/css2?family=Roboto:ital,wght@0,100;0,300;0,400;0,500;0,700;0,900;1,100;1,300;1,400;1,500;1,700;1,900&display=swap');\r\n+@import url(\"colors.css\");\r\n+@import url(\"button.css\");\r\n+\r\n+* {\r\n+    margin: 0%;\r\n+    padding: 0%;\r\n+    font-family: 'Roboto', sans-serif;\r\n+}\r\n+\r\n+body {\r\n+    background: #f4f4f9;\r\n+    color: #333;\r\n+}\r\n+\r\n+header {\r\n+    background: #f4f4f9;\r\n+    display: flex;\r\n+    flex-direction: row;\r\n+    padding: 2px;\r\n+}\r\n+\r\n+#logo {\r\n+    max-width: 450px;\r\n+    /* margin-top: 5px; */\r\n+}\r\n+.direito{\r\n+    width: 90%;\r\n+}\r\n+\r\n+.header {\r\n+    display: flex;\r\n+    height: 20px;\r\n+    margin-top: 5px;\r\n+    margin-left: 5px;\r\n+}\r\n+\r\n+#buttons {\r\n+    display: flex;\r\n+    flex-direction: row;\r\n+    padding: 10px;\r\n+    justify-content: space-between;\r\n+}\r\n+\r\n+.drop {\r\n+    margin-top: 5px;\r\n+    margin-left: 10px;\r\n+    height: 40px;\r\n+}\r\n+\r\n+#submenu.active {\r\n+    right: 0;\r\n+}\r\n+\r\n+.botao_sair {\r\n+    margin-left: 5px;\r\n+    margin-top: 5px;\r\n+    height: 40px;\r\n+}\n\\ No newline at end of file\n"
                },
                {
                    "date": 1716577927236,
                    "content": "Index: \n===================================================================\n--- \n+++ \n@@ -0,0 +1,59 @@\n+@import url('https://fonts.googleapis.com/css2?family=Roboto:ital,wght@0,100;0,300;0,400;0,500;0,700;0,900;1,100;1,300;1,400;1,500;1,700;1,900&display=swap');\r\n+@import url(\"colors.css\");\r\n+@import url(\"button.css\");\r\n+\r\n+* {\r\n+    margin: 0%;\r\n+    padding: 0%;\r\n+    font-family: 'Roboto', sans-serif;\r\n+}\r\n+\r\n+body {\r\n+    background: #f4f4f9;\r\n+    color: #333;\r\n+}\r\n+\r\n+header {\r\n+    background: #f4f4f9;\r\n+    display: flex;\r\n+    flex-direction: row;\r\n+    padding: 2px;\r\n+}\r\n+\r\n+#logo {\r\n+    max-width: 50px;\r\n+    /* margin-top: 5px; */\r\n+}\r\n+.direito{\r\n+    width: 90%;\r\n+}\r\n+\r\n+.header {\r\n+    display: flex;\r\n+    height: 20px;\r\n+    margin-top: 5px;\r\n+    margin-left: 5px;\r\n+}\r\n+\r\n+#buttons {\r\n+    display: flex;\r\n+    flex-direction: row;\r\n+    padding: 10px;\r\n+    justify-content: space-between;\r\n+}\r\n+\r\n+.drop {\r\n+    margin-top: 5px;\r\n+    margin-left: 10px;\r\n+    height: 40px;\r\n+}\r\n+\r\n+#submenu.active {\r\n+    right: 0;\r\n+}\r\n+\r\n+.botao_sair {\r\n+    margin-left: 5px;\r\n+    margin-top: 5px;\r\n+    height: 40px;\r\n+}\n\\ No newline at end of file\n"
                },
                {
                    "date": 1716577945588,
                    "content": "Index: \n===================================================================\n--- \n+++ \n@@ -0,0 +1,59 @@\n+@import url('https://fonts.googleapis.com/css2?family=Roboto:ital,wght@0,100;0,300;0,400;0,500;0,700;0,900;1,100;1,300;1,400;1,500;1,700;1,900&display=swap');\r\n+@import url(\"colors.css\");\r\n+@import url(\"button.css\");\r\n+\r\n+* {\r\n+    margin: 0%;\r\n+    padding: 0%;\r\n+    font-family: 'Roboto', sans-serif;\r\n+}\r\n+\r\n+body {\r\n+    background: #f4f4f9;\r\n+    color: #333;\r\n+}\r\n+\r\n+header {\r\n+    background: #f4f4f9;\r\n+    display: flex;\r\n+    flex-direction: row;\r\n+    padding: 2px;\r\n+}\r\n+\r\n+#logo {\r\n+    max-width: 300px;\r\n+    /* margin-top: 5px; */\r\n+}\r\n+.direito{\r\n+    width: 90%;\r\n+}\r\n+\r\n+.header {\r\n+    display: flex;\r\n+    height: 20px;\r\n+    margin-top: 5px;\r\n+    margin-left: 5px;\r\n+}\r\n+\r\n+#buttons {\r\n+    display: flex;\r\n+    flex-direction: row;\r\n+    padding: 10px;\r\n+    justify-content: space-between;\r\n+}\r\n+\r\n+.drop {\r\n+    margin-top: 5px;\r\n+    margin-left: 10px;\r\n+    height: 40px;\r\n+}\r\n+\r\n+#submenu.active {\r\n+    right: 0;\r\n+}\r\n+\r\n+.botao_sair {\r\n+    margin-left: 5px;\r\n+    margin-top: 5px;\r\n+    height: 40px;\r\n+}\n\\ No newline at end of file\n"
                },
                {
                    "date": 1716577965123,
                    "content": "Index: \n===================================================================\n--- \n+++ \n@@ -0,0 +1,59 @@\n+@import url('https://fonts.googleapis.com/css2?family=Roboto:ital,wght@0,100;0,300;0,400;0,500;0,700;0,900;1,100;1,300;1,400;1,500;1,700;1,900&display=swap');\r\n+@import url(\"colors.css\");\r\n+@import url(\"button.css\");\r\n+\r\n+* {\r\n+    margin: 0%;\r\n+    padding: 0%;\r\n+    font-family: 'Roboto', sans-serif;\r\n+}\r\n+\r\n+body {\r\n+    background: #f4f4f9;\r\n+    color: #333;\r\n+}\r\n+\r\n+header {\r\n+    background: #f4f4f9;\r\n+    display: flex;\r\n+    flex-direction: row;\r\n+    padding: 2px;\r\n+}\r\n+\r\n+#logo {\r\n+    max-width: 50px;\r\n+    margin-top: 5px;\r\n+}\r\n+.direito{\r\n+    width: 90%;\r\n+}\r\n+\r\n+.header {\r\n+    display: flex;\r\n+    height: 20px;\r\n+    margin-top: 5px;\r\n+    margin-left: 5px;\r\n+}\r\n+\r\n+#buttons {\r\n+    display: flex;\r\n+    flex-direction: row;\r\n+    padding: 10px;\r\n+    justify-content: space-between;\r\n+}\r\n+\r\n+.drop {\r\n+    margin-top: 5px;\r\n+    margin-left: 10px;\r\n+    height: 40px;\r\n+}\r\n+\r\n+#submenu.active {\r\n+    right: 0;\r\n+}\r\n+\r\n+.botao_sair {\r\n+    margin-left: 5px;\r\n+    margin-top: 5px;\r\n+    height: 40px;\r\n+}\n\\ No newline at end of file\n"
                },
                {
                    "date": 1716578020329,
                    "content": "Index: \n===================================================================\n--- \n+++ \n@@ -24,9 +24,9 @@\n     max-width: 50px;\r\n     margin-top: 5px;\r\n }\r\n .direito{\r\n-    width: 90%;\r\n+    width: 10%;\r\n }\r\n \r\n .header {\r\n     display: flex;\r\n@@ -55,359 +55,5 @@\n .botao_sair {\r\n     margin-left: 5px;\r\n     margin-top: 5px;\r\n     height: 40px;\r\n-}\n-@import url('https://fonts.googleapis.com/css2?family=Roboto:ital,wght@0,100;0,300;0,400;0,500;0,700;0,900;1,100;1,300;1,400;1,500;1,700;1,900&display=swap');\r\n-@import url(\"colors.css\");\r\n-@import url(\"button.css\");\r\n-\r\n-* {\r\n-    margin: 0%;\r\n-    padding: 0%;\r\n-    font-family: 'Roboto', sans-serif;\r\n-}\r\n-\r\n-body {\r\n-    background: #f4f4f9;\r\n-    color: #333;\r\n-}\r\n-\r\n-header {\r\n-    background: #f4f4f9;\r\n-    display: flex;\r\n-    flex-direction: row;\r\n-    padding: 2px;\r\n-}\r\n-\r\n-#logo {\r\n-    max-width: 300px;\r\n-    /* margin-top: 5px; */\r\n-}\r\n-.direito{\r\n-    width: 90%;\r\n-}\r\n-\r\n-.header {\r\n-    display: flex;\r\n-    height: 20px;\r\n-    margin-top: 5px;\r\n-    margin-left: 5px;\r\n-}\r\n-\r\n-#buttons {\r\n-    display: flex;\r\n-    flex-direction: row;\r\n-    padding: 10px;\r\n-    justify-content: space-between;\r\n-}\r\n-\r\n-.drop {\r\n-    margin-top: 5px;\r\n-    margin-left: 10px;\r\n-    height: 40px;\r\n-}\r\n-\r\n-#submenu.active {\r\n-    right: 0;\r\n-}\r\n-\r\n-.botao_sair {\r\n-    margin-left: 5px;\r\n-    margin-top: 5px;\r\n-    height: 40px;\r\n-}\n-@import url('https://fonts.googleapis.com/css2?family=Roboto:ital,wght@0,100;0,300;0,400;0,500;0,700;0,900;1,100;1,300;1,400;1,500;1,700;1,900&display=swap');\r\n-@import url(\"colors.css\");\r\n-@import url(\"button.css\");\r\n-\r\n-* {\r\n-    margin: 0%;\r\n-    padding: 0%;\r\n-    font-family: 'Roboto', sans-serif;\r\n-}\r\n-\r\n-body {\r\n-    background: #f4f4f9;\r\n-    color: #333;\r\n-}\r\n-\r\n-header {\r\n-    background: #f4f4f9;\r\n-    display: flex;\r\n-    flex-direction: row;\r\n-    padding: 2px;\r\n-}\r\n-\r\n-#logo {\r\n-    max-width: 50px;\r\n-    /* margin-top: 5px; */\r\n-}\r\n-.direito{\r\n-    width: 90%;\r\n-}\r\n-\r\n-.header {\r\n-    display: flex;\r\n-    height: 20px;\r\n-    margin-top: 5px;\r\n-    margin-left: 5px;\r\n-}\r\n-\r\n-#buttons {\r\n-    display: flex;\r\n-    flex-direction: row;\r\n-    padding: 10px;\r\n-    justify-content: space-between;\r\n-}\r\n-\r\n-.drop {\r\n-    margin-top: 5px;\r\n-    margin-left: 10px;\r\n-    height: 40px;\r\n-}\r\n-\r\n-#submenu.active {\r\n-    right: 0;\r\n-}\r\n-\r\n-.botao_sair {\r\n-    margin-left: 5px;\r\n-    margin-top: 5px;\r\n-    height: 40px;\r\n-}\n-@import url('https://fonts.googleapis.com/css2?family=Roboto:ital,wght@0,100;0,300;0,400;0,500;0,700;0,900;1,100;1,300;1,400;1,500;1,700;1,900&display=swap');\r\n-@import url(\"colors.css\");\r\n-@import url(\"button.css\");\r\n-\r\n-* {\r\n-    margin: 0%;\r\n-    padding: 0%;\r\n-    font-family: 'Roboto', sans-serif;\r\n-}\r\n-\r\n-body {\r\n-    background: #f4f4f9;\r\n-    color: #333;\r\n-}\r\n-\r\n-header {\r\n-    background: #f4f4f9;\r\n-    display: flex;\r\n-    flex-direction: row;\r\n-    padding: 2px;\r\n-}\r\n-\r\n-#logo {\r\n-    max-width: 450px;\r\n-    /* margin-top: 5px; */\r\n-}\r\n-.direito{\r\n-    width: 90%;\r\n-}\r\n-\r\n-.header {\r\n-    display: flex;\r\n-    height: 20px;\r\n-    margin-top: 5px;\r\n-    margin-left: 5px;\r\n-}\r\n-\r\n-#buttons {\r\n-    display: flex;\r\n-    flex-direction: row;\r\n-    padding: 10px;\r\n-    justify-content: space-between;\r\n-}\r\n-\r\n-.drop {\r\n-    margin-top: 5px;\r\n-    margin-left: 10px;\r\n-    height: 40px;\r\n-}\r\n-\r\n-#submenu.active {\r\n-    right: 0;\r\n-}\r\n-\r\n-.botao_sair {\r\n-    margin-left: 5px;\r\n-    margin-top: 5px;\r\n-    height: 40px;\r\n-}\n-@import url('https://fonts.googleapis.com/css2?family=Roboto:ital,wght@0,100;0,300;0,400;0,500;0,700;0,900;1,100;1,300;1,400;1,500;1,700;1,900&display=swap');\r\n-@import url(\"colors.css\");\r\n-@import url(\"button.css\");\r\n-\r\n-* {\r\n-    margin: 0%;\r\n-    padding: 0%;\r\n-    font-family: 'Roboto', sans-serif;\r\n-}\r\n-\r\n-body {\r\n-    background: #f4f4f9;\r\n-    color: #333;\r\n-}\r\n-\r\n-header {\r\n-    background: #f4f4f9;\r\n-    display: flex;\r\n-    flex-direction: row;\r\n-    padding: 2px;\r\n-}\r\n-\r\n-#logo {\r\n-    max-width: 550px;\r\n-    /* margin-top: 5px; */\r\n-}\r\n-.direito{\r\n-    width: 90%;\r\n-}\r\n-\r\n-.header {\r\n-    display: flex;\r\n-    height: 20px;\r\n-    margin-top: 5px;\r\n-    margin-left: 5px;\r\n-}\r\n-\r\n-#buttons {\r\n-    display: flex;\r\n-    flex-direction: row;\r\n-    padding: 10px;\r\n-    justify-content: space-between;\r\n-}\r\n-\r\n-.drop {\r\n-    margin-top: 5px;\r\n-    margin-left: 10px;\r\n-    height: 40px;\r\n-}\r\n-\r\n-#submenu.active {\r\n-    right: 0;\r\n-}\r\n-\r\n-.botao_sair {\r\n-    margin-left: 5px;\r\n-    margin-top: 5px;\r\n-    height: 40px;\r\n-}\n-@import url('https://fonts.googleapis.com/css2?family=Roboto:ital,wght@0,100;0,300;0,400;0,500;0,700;0,900;1,100;1,300;1,400;1,500;1,700;1,900&display=swap');\r\n-@import url(\"colors.css\");\r\n-@import url(\"button.css\");\r\n-\r\n-* {\r\n-    margin: 0%;\r\n-    padding: 0%;\r\n-    font-family: 'Roboto', sans-serif;\r\n-}\r\n-\r\n-body {\r\n-    background: #f4f4f9;\r\n-    color: #333;\r\n-}\r\n-\r\n-header {\r\n-    background: #f4f4f9;\r\n-    display: flex;\r\n-    flex-direction: row;\r\n-    padding: 2px;\r\n-}\r\n-\r\n-#logo {\r\n-    max-width: 250px;\r\n-    /* margin-top: 5px; */\r\n-}\r\n-.direito{\r\n-    width: 90%;\r\n-}\r\n-\r\n-.header {\r\n-    display: flex;\r\n-    height: 20px;\r\n-    margin-top: 5px;\r\n-    margin-left: 5px;\r\n-}\r\n-\r\n-#buttons {\r\n-    display: flex;\r\n-    flex-direction: row;\r\n-    padding: 10px;\r\n-    justify-content: space-between;\r\n-}\r\n-\r\n-.drop {\r\n-    margin-top: 5px;\r\n-    margin-left: 10px;\r\n-    height: 40px;\r\n-}\r\n-\r\n-#submenu.active {\r\n-    right: 0;\r\n-}\r\n-\r\n-.botao_sair {\r\n-    margin-left: 5px;\r\n-    margin-top: 5px;\r\n-    height: 40px;\r\n-}\n-@import url('https://fonts.googleapis.com/css2?family=Roboto:ital,wght@0,100;0,300;0,400;0,500;0,700;0,900;1,100;1,300;1,400;1,500;1,700;1,900&display=swap');\r\n-@import url(\"colors.css\");\r\n-@import url(\"button.css\");\r\n-\r\n-* {\r\n-    margin: 0%;\r\n-    padding: 0%;\r\n-    font-family: 'Roboto', sans-serif;\r\n-}\r\n-\r\n-body {\r\n-    background: #f4f4f9;\r\n-    color: #333;\r\n-}\r\n-\r\n-header {\r\n-    background: #f4f4f9;\r\n-    display: flex;\r\n-    flex-direction: row;\r\n-    padding: 2px;\r\n-}\r\n-\r\n-#logo {\r\n-    max-width: 250px;\r\n-    margin-top: 5px;\r\n-}\r\n-.direito{\r\n-    width: 90%;\r\n-}\r\n-\r\n-.header {\r\n-    display: flex;\r\n-    height: 20px;\r\n-    margin-top: 5px;\r\n-    margin-left: 5px;\r\n-}\r\n-\r\n-#buttons {\r\n-    display: flex;\r\n-    flex-direction: row;\r\n-    padding: 10px;\r\n-    justify-content: space-between;\r\n-}\r\n-\r\n-.drop {\r\n-    margin-top: 5px;\r\n-    margin-left: 10px;\r\n-    height: 40px;\r\n-}\r\n-\r\n-#submenu.active {\r\n-    right: 0;\r\n-}\r\n-\r\n-.botao_sair {\r\n-    margin-left: 5px;\r\n-    margin-top: 5px;\r\n-    height: 40px;\r\n }\n\\ No newline at end of file\n"
                },
                {
                    "date": 1716578036932,
                    "content": "Index: \n===================================================================\n--- \n+++ \n@@ -24,9 +24,9 @@\n     max-width: 50px;\r\n     margin-top: 5px;\r\n }\r\n .direito{\r\n-    width: 10%;\r\n+    width: 90%;\r\n }\r\n \r\n .header {\r\n     display: flex;\r\n"
                },
                {
                    "date": 1716578085283,
                    "content": "Index: \n===================================================================\n--- \n+++ \n@@ -38,9 +38,9 @@\n #buttons {\r\n     display: flex;\r\n     flex-direction: row;\r\n     padding: 10px;\r\n-    justify-content: space-between;\r\n+    justify-content: space-;\r\n }\r\n \r\n .drop {\r\n     margin-top: 5px;\r\n"
                },
                {
                    "date": 1716578100376,
                    "content": "Index: \n===================================================================\n--- \n+++ \n@@ -0,0 +1,59 @@\n+@import url('https://fonts.googleapis.com/css2?family=Roboto:ital,wght@0,100;0,300;0,400;0,500;0,700;0,900;1,100;1,300;1,400;1,500;1,700;1,900&display=swap');\r\n+@import url(\"colors.css\");\r\n+@import url(\"button.css\");\r\n+\r\n+* {\r\n+    margin: 0%;\r\n+    padding: 0%;\r\n+    font-family: 'Roboto', sans-serif;\r\n+}\r\n+\r\n+body {\r\n+    background: #f4f4f9;\r\n+    color: #333;\r\n+}\r\n+\r\n+header {\r\n+    background: #f4f4f9;\r\n+    display: flex;\r\n+    flex-direction: row;\r\n+    padding: 2px;\r\n+}\r\n+\r\n+#logo {\r\n+    max-width: 50px;\r\n+    margin-top: 5px;\r\n+}\r\n+.direito{\r\n+    width: 90%;\r\n+}\r\n+\r\n+.header {\r\n+    display: flex;\r\n+    height: 20px;\r\n+    margin-top: 5px;\r\n+    margin-left: 5px;\r\n+}\r\n+\r\n+#buttons {\r\n+    display: flex;\r\n+    flex-direction: row;\r\n+    padding: 10px;\r\n+    justify-content: spac;\r\n+}\r\n+\r\n+.drop {\r\n+    margin-top: 5px;\r\n+    margin-left: 10px;\r\n+    height: 40px;\r\n+}\r\n+\r\n+#submenu.active {\r\n+    right: 0;\r\n+}\r\n+\r\n+.botao_sair {\r\n+    margin-left: 5px;\r\n+    margin-top: 5px;\r\n+    height: 40px;\r\n+}\n\\ No newline at end of file\n"
                },
                {
                    "date": 1716578109806,
                    "content": "Index: \n===================================================================\n--- \n+++ \n@@ -24,9 +24,9 @@\n     max-width: 50px;\r\n     margin-top: 5px;\r\n }\r\n .direito{\r\n-    width: 90%;\r\n+    width: 0%;\r\n }\r\n \r\n .header {\r\n     display: flex;\r\n@@ -38,9 +38,9 @@\n #buttons {\r\n     display: flex;\r\n     flex-direction: row;\r\n     padding: 10px;\r\n-    justify-content: spac;\r\n+    justify-content: space-between;\r\n }\r\n \r\n .drop {\r\n     margin-top: 5px;\r\n@@ -55,64 +55,5 @@\n .botao_sair {\r\n     margin-left: 5px;\r\n     margin-top: 5px;\r\n     height: 40px;\r\n-}\n-@import url('https://fonts.googleapis.com/css2?family=Roboto:ital,wght@0,100;0,300;0,400;0,500;0,700;0,900;1,100;1,300;1,400;1,500;1,700;1,900&display=swap');\r\n-@import url(\"colors.css\");\r\n-@import url(\"button.css\");\r\n-\r\n-* {\r\n-    margin: 0%;\r\n-    padding: 0%;\r\n-    font-family: 'Roboto', sans-serif;\r\n-}\r\n-\r\n-body {\r\n-    background: #f4f4f9;\r\n-    color: #333;\r\n-}\r\n-\r\n-header {\r\n-    background: #f4f4f9;\r\n-    display: flex;\r\n-    flex-direction: row;\r\n-    padding: 2px;\r\n-}\r\n-\r\n-#logo {\r\n-    max-width: 50px;\r\n-    margin-top: 5px;\r\n-}\r\n-.direito{\r\n-    width: 90%;\r\n-}\r\n-\r\n-.header {\r\n-    display: flex;\r\n-    height: 20px;\r\n-    margin-top: 5px;\r\n-    margin-left: 5px;\r\n-}\r\n-\r\n-#buttons {\r\n-    display: flex;\r\n-    flex-direction: row;\r\n-    padding: 10px;\r\n-    justify-content: space-;\r\n-}\r\n-\r\n-.drop {\r\n-    margin-top: 5px;\r\n-    margin-left: 10px;\r\n-    height: 40px;\r\n-}\r\n-\r\n-#submenu.active {\r\n-    right: 0;\r\n-}\r\n-\r\n-.botao_sair {\r\n-    margin-left: 5px;\r\n-    margin-top: 5px;\r\n-    height: 40px;\r\n }\n\\ No newline at end of file\n"
                },
                {
                    "date": 1716578116125,
                    "content": "Index: \n===================================================================\n--- \n+++ \n@@ -24,9 +24,9 @@\n     max-width: 50px;\r\n     margin-top: 5px;\r\n }\r\n .direito{\r\n-    width: 0%;\r\n+    width: 90%;\r\n }\r\n \r\n .header {\r\n     display: flex;\r\n"
                }
            ],
            "date": 1716576830795,
            "name": "Commit-0",
            "content": "@import url('https://fonts.googleapis.com/css2?family=Roboto:ital,wght@0,100;0,300;0,400;0,500;0,700;0,900;1,100;1,300;1,400;1,500;1,700;1,900&display=swap');\r\n@import url(\"colors.css\");\r\n@import url(\"button.css\");\r\n\r\n* {\r\n    margin: 0%;\r\n    padding: 0%;\r\n    font-family: 'Roboto', sans-serif;\r\n}\r\n\r\nbody {\r\n    background: #f4f4f9;\r\n    color: #333;\r\n    display: flex;\r\n    justify-content: center;\r\n}\r\n\r\nheader {\r\n    background-color: var(--branco);\r\n    display: flex;\r\n    flex-direction: row;\r\n    padding: 2px;\r\n}\r\n\r\n#logo {\r\n    width: 55px;\r\n    margin-top: 5px;\r\n}\r\n.direito{\r\n    width: 90%;\r\n}\r\n\r\n.header {\r\n    display: flex;\r\n    height: 20px;\r\n    margin-top: 5px;\r\n    margin-left: 5px;\r\n}\r\n\r\n#buttons {\r\n    display: flex;\r\n    flex-direction: row;\r\n    padding: 10px;\r\n    justify-content: space-between;\r\n}\r\n\r\n.drop {\r\n    margin-top: 5px;\r\n    margin-left: 10px;\r\n    height: 40px;\r\n}\r\n\r\n#submenu.active {\r\n    right: 0;\r\n}\r\n\r\n.botao_sair {\r\n    margin-left: 5px;\r\n    margin-top: 5px;\r\n    height: 40px;\r\n}"
        }
    ]
}