{
    "sourceFile": "src/main/resources/static/css/home.css",
    "activeCommit": 0,
    "commits": [
        {
            "activePatchIndex": 2,
            "patches": [
                {
                    "date": 1716576920676,
                    "content": "Index: \n===================================================================\n--- \n+++ \n"
                },
                {
                    "date": 1716576927665,
                    "content": "Index: \n===================================================================\n--- \n+++ \n@@ -35,9 +35,8 @@\n     justify-content: center;\r\n     align-items: center;\r\n \r\n     margin-top: 50px;\r\n-\r\n     \r\n }\r\n .box {\r\n     text-align: center;\r\n"
                },
                {
                    "date": 1716576948622,
                    "content": "Index: \n===================================================================\n--- \n+++ \n@@ -0,0 +1,206 @@\n+@import url('https://fonts.googleapis.com/css2?family=Roboto:ital,wght@0,100;0,300;0,400;0,500;0,700;0,900;1,100;1,300;1,400;1,500;1,700;1,900&display=swap');\r\n+\r\n+@font-face {\r\n+    font-family: 'fonteslowdex';\r\n+    src: url('../fonts/Slowdex.otf') format('opentype');\r\n+}\r\n+@font-face {\r\n+    font-family: 'fonteRIOT';\r\n+    src: url('../font/ProtestRiot-Regular.ttf') format('truetype');\r\n+}\r\n+\r\n+@font-face {\r\n+    font-family: 'fontejust';\r\n+    src: url('../font/Just\\ Believe.otf') format('opentype');\r\n+}\r\n+\r\n+*{\r\n+    margin: 0%;\r\n+    padding: 0%;\r\n+    font-family: 'Roboto', sans-serif;\r\n+}\r\n+body{\r\n+    display: flex;\r\n+    flex-direction: column;\r\n+    width: 100%;\r\n+    height: 100vh;\r\n+    background-color: var(--branco);\r\n+    \r\n+}\r\n+.box{\r\n+    display: flex;\r\n+    flex-direction: column;\r\n+    width: 100%;\r\n+    height: 100vh;\r\n+    justify-content: center;\r\n+    align-items: center;\r\n+    margin-top: 50px;\r\n+    \r\n+}\r\n+.box {\r\n+    text-align: center;\r\n+  }\r\n+  \r\n+  .box {\r\n+    text-align: center;\r\n+    overflow: hidden; /* Ocultar qualquer conteúdo que ultrapasse a largura */\r\n+  }\r\n+  \r\n+  h1 {\r\n+    font-family: 'fonteslowdex';\r\n+    font-weight: bold;\r\n+    font-size: 10rem;\r\n+    display: inline-block;\r\n+    margin: 0;\r\n+\r\n+    color: var(--amarelo);\r\n+\r\n+    font-size: 3rem;\r\n+    margin: 0;\r\n+    line-height: 1;\r\n+    position: relative;\r\n+  }\r\n+\r\n+  span {\r\n+    font-family: 'fonteslowdex';\r\n+    font-weight: bold;\r\n+    font-size: 10rem;\r\n+    display: inline-block;\r\n+    margin: 0;\r\n+    color: var(--azul);\r\n+  }\r\n+  \r\n+  .cash {\r\n+    transform: translateX(-100%);\r\n+    animation: slideFromLeft 2s forwards;\r\n+  }\r\n+  \r\n+  .flow {\r\n+    transform: translateX(100%);\r\n+    animation: slideFromRight 2s forwards;\r\n+  }\r\n+  \r\n+  @keyframes slideFromLeft {\r\n+    from {\r\n+      transform: translateX(100%);\r\n+    }\r\n+    to {\r\n+      transform: translateX(0);\r\n+    }\r\n+  }\r\n+  \r\n+  @keyframes slideFromRight {\r\n+    from {\r\n+      transform: translateX(-60%);\r\n+    }\r\n+    to {\r\n+      transform: translateX(0);\r\n+    }\r\n+  }\r\n+  \r\n+  \r\n+\r\n+\r\n+#conteiners{\r\n+    display: flex;\r\n+    flex-direction: row;\r\n+    align-items: center;\r\n+    justify-content: center;\r\n+    padding: 5px;\r\n+}\r\n+\r\n+.conteiner{\r\n+    display: flex;\r\n+    justify-content: start;\r\n+    align-items: center;\r\n+    text-align: center;\r\n+    background-color: var(--branco);\r\n+    border-radius: 5px;\r\n+    width: 630px;\r\n+    min-height: 85vh;\r\n+}\r\n+\r\n+.lista{\r\n+    width: 95%;\r\n+    height: 100%;\r\n+    overflow: auto;\r\n+}\r\n+\r\n+.lista::-webkit-scrollbar{\r\n+    width: 2px;\r\n+    height: 2px;\r\n+}\r\n+.lista::-webkit-scrollbar-thumb {\r\n+    background-color: black;\r\n+}\r\n+.lista::-webkit-scrollbar-track {\r\n+    background-color: var(--cinza);\r\n+}\r\n+\r\n+.left{\r\n+    display: flex;\r\n+    flex-direction: column;\r\n+}\r\n+\r\n+#bottons-left{\r\n+    width: 80%;\r\n+    display: flex;\r\n+    flex-direction: row;\r\n+    align-items: center;\r\n+    justify-content: space-evenly;\r\n+    margin-bottom: 19px;\r\n+}\r\n+.topo{\r\n+    width: 100px;\r\n+}\r\n+\r\n+\r\n+\r\n+\r\n+.right{\r\n+    display: flex;\r\n+    flex-direction: column;\r\n+    margin-left: 10px;\r\n+}\r\n+\r\n+#txt-left{\r\n+    padding: 10px;\r\n+    font-size: 20px;\r\n+    font-weight: bolder;\r\n+    margin-bottom: 5px;\r\n+}\r\n+#txt-right{\r\n+    padding: 10px;\r\n+    font-size: 20px;\r\n+    font-weight: bolder;\r\n+}\r\n+#campo-right{\r\n+    display: flex;\r\n+    flex-direction: row;\r\n+}\r\n+#busca{\r\n+    margin: 10px;\r\n+    width: 30vw;\r\n+    height: 30px;border: 2px solid var(--azul);\r\n+    border-radius: 5px;\r\n+    padding-left: 6px;\r\n+}\r\n+\r\n+.busca{\r\n+    margin-top: 8px;\r\n+    height: 35px;\r\n+}\r\n+\r\n+\r\n+\r\n+.funcionario{\r\n+    display: flex;\r\n+    flex-direction: row;\r\n+    align-items: center;\r\n+    justify-content: start;\r\n+    padding-left: 5px;\r\n+    margin: 10px;\r\n+    border-radius: 5px;\r\n+    height: 50px;\r\n+    box-shadow: 3px 3px 9px rgb(152, 152, 152);\r\n+}\r\n"
                }
            ],
            "date": 1716576920676,
            "name": "Commit-0",
            "content": "@import url('https://fonts.googleapis.com/css2?family=Roboto:ital,wght@0,100;0,300;0,400;0,500;0,700;0,900;1,100;1,300;1,400;1,500;1,700;1,900&display=swap');\r\n\r\n@font-face {\r\n    font-family: 'fonteslowdex';\r\n    src: url('../fonts/Slowdex.otf') format('opentype');\r\n}\r\n@font-face {\r\n    font-family: 'fonteRIOT';\r\n    src: url('../font/ProtestRiot-Regular.ttf') format('truetype');\r\n}\r\n\r\n@font-face {\r\n    font-family: 'fontejust';\r\n    src: url('../font/Just\\ Believe.otf') format('opentype');\r\n}\r\n\r\n*{\r\n    margin: 0%;\r\n    padding: 0%;\r\n    font-family: 'Roboto', sans-serif;\r\n}\r\nbody{\r\n    display: flex;\r\n    flex-direction: column;\r\n    width: 100%;\r\n    height: 100vh;\r\n    background-color: var(--branco);\r\n    \r\n}\r\n.box{\r\n    display: flex;\r\n    flex-direction: column;\r\n    width: 100%;\r\n    height: 100vh;\r\n    justify-content: center;\r\n    align-items: center;\r\n\r\n    margin-top: 50px;\r\n    width: 100%;\r\n\r\n    \r\n}\r\n.box {\r\n    text-align: center;\r\n  }\r\n  \r\n  .box {\r\n    text-align: center;\r\n    overflow: hidden; /* Ocultar qualquer conteúdo que ultrapasse a largura */\r\n  }\r\n  \r\n  h1 {\r\n    font-family: 'fonteslowdex';\r\n    font-weight: bold;\r\n    font-size: 10rem;\r\n    display: inline-block;\r\n    margin: 0;\r\n\r\n    color: var(--amarelo);\r\n  }\r\n\r\n  span {\r\n    font-family: 'fonteslowdex';\r\n    font-weight: bold;\r\n    font-size: 10rem;\r\n    display: inline-block;\r\n    margin: 0;\r\n    color: var(--azul);\r\n  }\r\n  \r\n  .cash {\r\n    transform: translateX(-100%);\r\n    animation: slideFromLeft 2s forwards;\r\n  }\r\n  \r\n  .flow {\r\n    transform: translateX(100%);\r\n    animation: slideFromRight 2s forwards;\r\n  }\r\n  \r\n  @keyframes slideFromLeft {\r\n    from {\r\n      transform: translateX(100%);\r\n    }\r\n    to {\r\n      transform: translateX(0);\r\n    }\r\n  }\r\n  \r\n  @keyframes slideFromRight {\r\n    from {\r\n      transform: translateX(-60%);\r\n    }\r\n    to {\r\n      transform: translateX(0);\r\n    }\r\n  }\r\n  \r\n  \r\n\r\n\r\n#conteiners{\r\n    display: flex;\r\n    flex-direction: row;\r\n    align-items: center;\r\n    justify-content: center;\r\n    padding: 5px;\r\n}\r\n\r\n.conteiner{\r\n    display: flex;\r\n    justify-content: start;\r\n    align-items: center;\r\n    text-align: center;\r\n    background-color: var(--branco);\r\n    border-radius: 5px;\r\n    width: 630px;\r\n    min-height: 85vh;\r\n}\r\n\r\n.lista{\r\n    width: 95%;\r\n    height: 100%;\r\n    overflow: auto;\r\n}\r\n\r\n.lista::-webkit-scrollbar{\r\n    width: 2px;\r\n    height: 2px;\r\n}\r\n.lista::-webkit-scrollbar-thumb {\r\n    background-color: black;\r\n}\r\n.lista::-webkit-scrollbar-track {\r\n    background-color: var(--cinza);\r\n}\r\n\r\n.left{\r\n    display: flex;\r\n    flex-direction: column;\r\n}\r\n\r\n#bottons-left{\r\n    width: 80%;\r\n    display: flex;\r\n    flex-direction: row;\r\n    align-items: center;\r\n    justify-content: space-evenly;\r\n    margin-bottom: 19px;\r\n}\r\n.topo{\r\n    width: 100px;\r\n}\r\n\r\n\r\n\r\n\r\n.right{\r\n    display: flex;\r\n    flex-direction: column;\r\n    margin-left: 10px;\r\n}\r\n\r\n#txt-left{\r\n    padding: 10px;\r\n    font-size: 20px;\r\n    font-weight: bolder;\r\n    margin-bottom: 5px;\r\n}\r\n#txt-right{\r\n    padding: 10px;\r\n    font-size: 20px;\r\n    font-weight: bolder;\r\n}\r\n#campo-right{\r\n    display: flex;\r\n    flex-direction: row;\r\n}\r\n#busca{\r\n    margin: 10px;\r\n    width: 30vw;\r\n    height: 30px;border: 2px solid var(--azul);\r\n    border-radius: 5px;\r\n    padding-left: 6px;\r\n}\r\n\r\n.busca{\r\n    margin-top: 8px;\r\n    height: 35px;\r\n}\r\n\r\n\r\n\r\n.funcionario{\r\n    display: flex;\r\n    flex-direction: row;\r\n    align-items: center;\r\n    justify-content: start;\r\n    padding-left: 5px;\r\n    margin: 10px;\r\n    border-radius: 5px;\r\n    height: 50px;\r\n    box-shadow: 3px 3px 9px rgb(152, 152, 152);\r\n}\r\n"
        }
    ]
}