{
    "sourceFile": "src/main/resources/templates/home.html",
    "activeCommit": 0,
    "commits": [
        {
            "activePatchIndex": 33,
            "patches": [
                {
                    "date": 1716576662089,
                    "content": "Index: \n===================================================================\n--- \n+++ \n"
                },
                {
                    "date": 1716576672976,
                    "content": "Index: \n===================================================================\n--- \n+++ \n@@ -90,9 +90,9 @@\n       <p>Controle todas as suas despesas em um só lugar com facilidade.</p>\r\n     </div>\r\n     <div class=\"card\">\r\n       <h3>Relatórios </h3>\r\n-      <p>Gere relatórios detalhados para uma análise completa das suas finanças.</p>\r\n+      <p>Gere relatórios detalhados para uma análise completa das suas .</p>\r\n     </div>\r\n     <div class=\"card\">\r\n       <h3>Segurança</h3>\r\n       <p>Seus dados financeiros protegidos com a mais alta segurança.</p>\r\n"
                },
                {
                    "date": 1716576693967,
                    "content": "Index: \n===================================================================\n--- \n+++ \n@@ -0,0 +1,103 @@\n+<!DOCTYPE html>\r\n+<html lang=\"pt-br\" xmlns:th=\"http://www.thymeleaf.org\">\r\n+<head>\r\n+  <meta charset=\"UTF-8\" />\r\n+  <meta name=\"viewport\" content=\"width=device-width, initial-scale=1.0\" />\r\n+  <link rel=\"stylesheet\" th:href=\"@{/css/viagem.css}\" />\r\n+  <link rel=\"stylesheet\" th:href=\"@{/css/home.css}\" />\r\n+  <link rel=\"stylesheet\" th:href=\"@{/css/colors.css}\" />\r\n+  <link rel=\"stylesheet\" th:href=\"@{/css/header.css}\" />\r\n+  <link rel=\"stylesheet\" th:href=\"@{/js/home.js}\" />\r\n+  <link rel=\"shortcut icon\" th:href=\"@{/img/Logo_CashFlow.png}\" />\r\n+  <title>Cash Flow</title>\r\n+  <style>\r\n+    body {\r\n+      background: #f4f4f9;\r\n+      color: #333;\r\n+      display: flex;\r\n+      justify-content: center;\r\n+    }\r\n+    .box {\r\n+      margin-top: 50px;\r\n+      width: 80%;\r\n+    }\r\n+    h1 {\r\n+      font-size: 3rem;\r\n+      margin: 0;\r\n+      line-height: 1;\r\n+      position: relative;\r\n+    }\r\n+    h1 .cash {\r\n+      display: block;\r\n+      position: absolute;\r\n+      top: -4rem;\r\n+      right: 3rem;\r\n+      font-size: 5rem;\r\n+    }\r\n+    h1 .flow {\r\n+      color: #007bff;\r\n+      font-size: 8rem;\r\n+    }\r\n+    .description {\r\n+      font-size: 1.2rem;\r\n+      margin: 20px 0;\r\n+      color: #6c757d;\r\n+    }\r\n+    .cards {\r\n+      display: flex;\r\n+      justify-content: space-around;\r\n+      margin-top: 20px;\r\n+    }\r\n+    .card {\r\n+      background: white;\r\n+      padding: 20px;\r\n+      box-shadow: 0 4px 8px rgba(0, 0, 0, 0.1);\r\n+      border-radius: 10px;\r\n+      width: 30%;\r\n+    }\r\n+    .card h3 {\r\n+      margin-top: 0;\r\n+      color: #007bff;\r\n+    }\r\n+    .card p {\r\n+      color: #6c757d;\r\n+\r\n+    }\r\n+  </style>\r\n+</head>\r\n+<body>\r\n+<header>\r\n+  <div class=\"direito\">\r\n+    <a th:href=\"@{/home}\">\r\n+      <img id=\"logo\" th:src=\"@{/img/Logo_CashFlow.png}\" alt=\"Logo Cash Flow\" />\r\n+    </a>\r\n+  </div>\r\n+  <div id=\"buttons\">\r\n+    <a class=\"button header\" th:href=\"@{/home}\">Inicio</a>\r\n+    <a class=\"button header\" th:href=\"@{/travel/list}\">Viagens</a>\r\n+    <a class=\"button header\" th:href=\"@{/employee/list}\">Colaboradores</a>\r\n+    <form th:action=\"@{/logout}\" method=\"post\">\r\n+      <button class=\"button_vermelho botao_sair\">Sair</button>\r\n+    </form>\r\n+  </div>\r\n+</header>\r\n+<div class=\"box\">\r\n+  <h1><span class=\"cash\">Cash</span> <span class=\"flow\">Flow</span></h1>\r\n+  <p class=\"description\">Gerencie suas finanças de forma eficiente e inteligente</p>\r\n+  <div class=\"cards\">\r\n+    <div class=\"card\">\r\n+      <h3>Gestão de Despesas</h3>\r\n+      <p>Controle todas as suas despesas em um só lugar com facilidade.</p>\r\n+    </div>\r\n+    <div class=\"card\">\r\n+      <h3>Relatórios </h3>\r\n+      <p>Gere relatórios detalhados para uma análise completa das suas viajens.</p>\r\n+    </div>\r\n+    <div class=\"card\">\r\n+      <h3>Segurança</h3>\r\n+      <p>Seus dados  protegidos com a mais alta segurança.</p>\r\n+    </div>\r\n+  </div>\r\n+</div>\r\n+</body>\r\n+</html>\r\n"
                },
                {
                    "date": 1716576711891,
                    "content": "Index: \n===================================================================\n--- \n+++ \n@@ -94,113 +94,10 @@\n       <p>Gere relatórios detalhados para uma análise completa das suas viajens.</p>\r\n     </div>\r\n     <div class=\"card\">\r\n       <h3>Segurança</h3>\r\n-      <p>Seus dados  protegidos com a mais alta segurança.</p>\r\n+      <p>Seus dados protegidos com a mais alta segurança.</p>\r\n     </div>\r\n   </div>\r\n </div>\r\n </body>\r\n </html>\r\n-<!DOCTYPE html>\r\n-<html lang=\"pt-br\" xmlns:th=\"http://www.thymeleaf.org\">\r\n-<head>\r\n-  <meta charset=\"UTF-8\" />\r\n-  <meta name=\"viewport\" content=\"width=device-width, initial-scale=1.0\" />\r\n-  <link rel=\"stylesheet\" th:href=\"@{/css/viagem.css}\" />\r\n-  <link rel=\"stylesheet\" th:href=\"@{/css/home.css}\" />\r\n-  <link rel=\"stylesheet\" th:href=\"@{/css/colors.css}\" />\r\n-  <link rel=\"stylesheet\" th:href=\"@{/css/header.css}\" />\r\n-  <link rel=\"stylesheet\" th:href=\"@{/js/home.js}\" />\r\n-  <link rel=\"shortcut icon\" th:href=\"@{/img/Logo_CashFlow.png}\" />\r\n-  <title>Cash Flow</title>\r\n-  <style>\r\n-    body {\r\n-      background: #f4f4f9;\r\n-      color: #333;\r\n-      display: flex;\r\n-      justify-content: center;\r\n-    }\r\n-    .box {\r\n-      margin-top: 50px;\r\n-      width: 80%;\r\n-    }\r\n-    h1 {\r\n-      font-size: 3rem;\r\n-      margin: 0;\r\n-      line-height: 1;\r\n-      position: relative;\r\n-    }\r\n-    h1 .cash {\r\n-      display: block;\r\n-      position: absolute;\r\n-      top: -4rem;\r\n-      right: 3rem;\r\n-      font-size: 5rem;\r\n-    }\r\n-    h1 .flow {\r\n-      color: #007bff;\r\n-      font-size: 8rem;\r\n-    }\r\n-    .description {\r\n-      font-size: 1.2rem;\r\n-      margin: 20px 0;\r\n-      color: #6c757d;\r\n-    }\r\n-    .cards {\r\n-      display: flex;\r\n-      justify-content: space-around;\r\n-      margin-top: 20px;\r\n-    }\r\n-    .card {\r\n-      background: white;\r\n-      padding: 20px;\r\n-      box-shadow: 0 4px 8px rgba(0, 0, 0, 0.1);\r\n-      border-radius: 10px;\r\n-      width: 30%;\r\n-    }\r\n-    .card h3 {\r\n-      margin-top: 0;\r\n-      color: #007bff;\r\n-    }\r\n-    .card p {\r\n-      color: #6c757d;\r\n-\r\n-    }\r\n-  </style>\r\n-</head>\r\n-<body>\r\n-<header>\r\n-  <div class=\"direito\">\r\n-    <a th:href=\"@{/home}\">\r\n-      <img id=\"logo\" th:src=\"@{/img/Logo_CashFlow.png}\" alt=\"Logo Cash Flow\" />\r\n-    </a>\r\n-  </div>\r\n-  <div id=\"buttons\">\r\n-    <a class=\"button header\" th:href=\"@{/home}\">Inicio</a>\r\n-    <a class=\"button header\" th:href=\"@{/travel/list}\">Viagens</a>\r\n-    <a class=\"button header\" th:href=\"@{/employee/list}\">Colaboradores</a>\r\n-    <form th:action=\"@{/logout}\" method=\"post\">\r\n-      <button class=\"button_vermelho botao_sair\">Sair</button>\r\n-    </form>\r\n-  </div>\r\n-</header>\r\n-<div class=\"box\">\r\n-  <h1><span class=\"cash\">Cash</span> <span class=\"flow\">Flow</span></h1>\r\n-  <p class=\"description\">Gerencie suas finanças de forma eficiente e inteligente</p>\r\n-  <div class=\"cards\">\r\n-    <div class=\"card\">\r\n-      <h3>Gestão de Despesas</h3>\r\n-      <p>Controle todas as suas despesas em um só lugar com facilidade.</p>\r\n-    </div>\r\n-    <div class=\"card\">\r\n-      <h3>Relatórios </h3>\r\n-      <p>Gere relatórios detalhados para uma análise completa das suas .</p>\r\n-    </div>\r\n-    <div class=\"card\">\r\n-      <h3>Segurança</h3>\r\n-      <p>Seus dados financeiros protegidos com a mais alta segurança.</p>\r\n-    </div>\r\n-  </div>\r\n-</div>\r\n-</body>\r\n-</html>\r\n"
                },
                {
                    "date": 1716576742172,
                    "content": "Index: \n===================================================================\n--- \n+++ \n@@ -82,9 +82,9 @@\n   </div>\r\n </header>\r\n <div class=\"box\">\r\n   <h1><span class=\"cash\">Cash</span> <span class=\"flow\">Flow</span></h1>\r\n-  <p class=\"description\">Gerencie suas finanças de forma eficiente e inteligente</p>\r\n+  <p class=\"description\">Monitore </p>\r\n   <div class=\"cards\">\r\n     <div class=\"card\">\r\n       <h3>Gestão de Despesas</h3>\r\n       <p>Controle todas as suas despesas em um só lugar com facilidade.</p>\r\n"
                },
                {
                    "date": 1716576750188,
                    "content": "Index: \n===================================================================\n--- \n+++ \n@@ -0,0 +1,103 @@\n+<!DOCTYPE html>\r\n+<html lang=\"pt-br\" xmlns:th=\"http://www.thymeleaf.org\">\r\n+<head>\r\n+  <meta charset=\"UTF-8\" />\r\n+  <meta name=\"viewport\" content=\"width=device-width, initial-scale=1.0\" />\r\n+  <link rel=\"stylesheet\" th:href=\"@{/css/viagem.css}\" />\r\n+  <link rel=\"stylesheet\" th:href=\"@{/css/home.css}\" />\r\n+  <link rel=\"stylesheet\" th:href=\"@{/css/colors.css}\" />\r\n+  <link rel=\"stylesheet\" th:href=\"@{/css/header.css}\" />\r\n+  <link rel=\"stylesheet\" th:href=\"@{/js/home.js}\" />\r\n+  <link rel=\"shortcut icon\" th:href=\"@{/img/Logo_CashFlow.png}\" />\r\n+  <title>Cash Flow</title>\r\n+  <style>\r\n+    body {\r\n+      background: #f4f4f9;\r\n+      color: #333;\r\n+      display: flex;\r\n+      justify-content: center;\r\n+    }\r\n+    .box {\r\n+      margin-top: 50px;\r\n+      width: 80%;\r\n+    }\r\n+    h1 {\r\n+      font-size: 3rem;\r\n+      margin: 0;\r\n+      line-height: 1;\r\n+      position: relative;\r\n+    }\r\n+    h1 .cash {\r\n+      display: block;\r\n+      position: absolute;\r\n+      top: -4rem;\r\n+      right: 3rem;\r\n+      font-size: 5rem;\r\n+    }\r\n+    h1 .flow {\r\n+      color: #007bff;\r\n+      font-size: 8rem;\r\n+    }\r\n+    .description {\r\n+      font-size: 1.2rem;\r\n+      margin: 20px 0;\r\n+      color: #6c757d;\r\n+    }\r\n+    .cards {\r\n+      display: flex;\r\n+      justify-content: space-around;\r\n+      margin-top: 20px;\r\n+    }\r\n+    .card {\r\n+      background: white;\r\n+      padding: 20px;\r\n+      box-shadow: 0 4px 8px rgba(0, 0, 0, 0.1);\r\n+      border-radius: 10px;\r\n+      width: 30%;\r\n+    }\r\n+    .card h3 {\r\n+      margin-top: 0;\r\n+      color: #007bff;\r\n+    }\r\n+    .card p {\r\n+      color: #6c757d;\r\n+\r\n+    }\r\n+  </style>\r\n+</head>\r\n+<body>\r\n+<header>\r\n+  <div class=\"direito\">\r\n+    <a th:href=\"@{/home}\">\r\n+      <img id=\"logo\" th:src=\"@{/img/Logo_CashFlow.png}\" alt=\"Logo Cash Flow\" />\r\n+    </a>\r\n+  </div>\r\n+  <div id=\"buttons\">\r\n+    <a class=\"button header\" th:href=\"@{/home}\">Inicio</a>\r\n+    <a class=\"button header\" th:href=\"@{/travel/list}\">Viagens</a>\r\n+    <a class=\"button header\" th:href=\"@{/employee/list}\">Colaboradores</a>\r\n+    <form th:action=\"@{/logout}\" method=\"post\">\r\n+      <button class=\"button_vermelho botao_sair\">Sair</button>\r\n+    </form>\r\n+  </div>\r\n+</header>\r\n+<div class=\"box\">\r\n+  <h1><span class=\"cash\">Cash</span> <span class=\"flow\">Flow</span></h1>\r\n+  <p class=\"description\">Monitore e organize seus gastos</p>\r\n+  <div class=\"cards\">\r\n+    <div class=\"card\">\r\n+      <h3>Gestão de Despesas</h3>\r\n+      <p>Controle todas as suas despesas em um só lugar com facilidade.</p>\r\n+    </div>\r\n+    <div class=\"card\">\r\n+      <h3>Relatórios </h3>\r\n+      <p>Gere relatórios detalhados para uma análise completa das suas viajens.</p>\r\n+    </div>\r\n+    <div class=\"card\">\r\n+      <h3>Segurança</h3>\r\n+      <p>Seus dados protegidos com a mais alta segurança.</p>\r\n+    </div>\r\n+  </div>\r\n+</div>\r\n+</body>\r\n+</html>\r\n"
                },
                {
                    "date": 1716576755988,
                    "content": "Index: \n===================================================================\n--- \n+++ \n@@ -82,9 +82,9 @@\n   </div>\r\n </header>\r\n <div class=\"box\">\r\n   <h1><span class=\"cash\">Cash</span> <span class=\"flow\">Flow</span></h1>\r\n-  <p class=\"description\">Monitore e organize seus gastos</p>\r\n+  <p class=\"description\">Monitore e organize seus gastos corporativos</p>\r\n   <div class=\"cards\">\r\n     <div class=\"card\">\r\n       <h3>Gestão de Despesas</h3>\r\n       <p>Controle todas as suas despesas em um só lugar com facilidade.</p>\r\n@@ -100,107 +100,4 @@\n   </div>\r\n </div>\r\n </body>\r\n </html>\r\n-<!DOCTYPE html>\r\n-<html lang=\"pt-br\" xmlns:th=\"http://www.thymeleaf.org\">\r\n-<head>\r\n-  <meta charset=\"UTF-8\" />\r\n-  <meta name=\"viewport\" content=\"width=device-width, initial-scale=1.0\" />\r\n-  <link rel=\"stylesheet\" th:href=\"@{/css/viagem.css}\" />\r\n-  <link rel=\"stylesheet\" th:href=\"@{/css/home.css}\" />\r\n-  <link rel=\"stylesheet\" th:href=\"@{/css/colors.css}\" />\r\n-  <link rel=\"stylesheet\" th:href=\"@{/css/header.css}\" />\r\n-  <link rel=\"stylesheet\" th:href=\"@{/js/home.js}\" />\r\n-  <link rel=\"shortcut icon\" th:href=\"@{/img/Logo_CashFlow.png}\" />\r\n-  <title>Cash Flow</title>\r\n-  <style>\r\n-    body {\r\n-      background: #f4f4f9;\r\n-      color: #333;\r\n-      display: flex;\r\n-      justify-content: center;\r\n-    }\r\n-    .box {\r\n-      margin-top: 50px;\r\n-      width: 80%;\r\n-    }\r\n-    h1 {\r\n-      font-size: 3rem;\r\n-      margin: 0;\r\n-      line-height: 1;\r\n-      position: relative;\r\n-    }\r\n-    h1 .cash {\r\n-      display: block;\r\n-      position: absolute;\r\n-      top: -4rem;\r\n-      right: 3rem;\r\n-      font-size: 5rem;\r\n-    }\r\n-    h1 .flow {\r\n-      color: #007bff;\r\n-      font-size: 8rem;\r\n-    }\r\n-    .description {\r\n-      font-size: 1.2rem;\r\n-      margin: 20px 0;\r\n-      color: #6c757d;\r\n-    }\r\n-    .cards {\r\n-      display: flex;\r\n-      justify-content: space-around;\r\n-      margin-top: 20px;\r\n-    }\r\n-    .card {\r\n-      background: white;\r\n-      padding: 20px;\r\n-      box-shadow: 0 4px 8px rgba(0, 0, 0, 0.1);\r\n-      border-radius: 10px;\r\n-      width: 30%;\r\n-    }\r\n-    .card h3 {\r\n-      margin-top: 0;\r\n-      color: #007bff;\r\n-    }\r\n-    .card p {\r\n-      color: #6c757d;\r\n-\r\n-    }\r\n-  </style>\r\n-</head>\r\n-<body>\r\n-<header>\r\n-  <div class=\"direito\">\r\n-    <a th:href=\"@{/home}\">\r\n-      <img id=\"logo\" th:src=\"@{/img/Logo_CashFlow.png}\" alt=\"Logo Cash Flow\" />\r\n-    </a>\r\n-  </div>\r\n-  <div id=\"buttons\">\r\n-    <a class=\"button header\" th:href=\"@{/home}\">Inicio</a>\r\n-    <a class=\"button header\" th:href=\"@{/travel/list}\">Viagens</a>\r\n-    <a class=\"button header\" th:href=\"@{/employee/list}\">Colaboradores</a>\r\n-    <form th:action=\"@{/logout}\" method=\"post\">\r\n-      <button class=\"button_vermelho botao_sair\">Sair</button>\r\n-    </form>\r\n-  </div>\r\n-</header>\r\n-<div class=\"box\">\r\n-  <h1><span class=\"cash\">Cash</span> <span class=\"flow\">Flow</span></h1>\r\n-  <p class=\"description\">Monitore </p>\r\n-  <div class=\"cards\">\r\n-    <div class=\"card\">\r\n-      <h3>Gestão de Despesas</h3>\r\n-      <p>Controle todas as suas despesas em um só lugar com facilidade.</p>\r\n-    </div>\r\n-    <div class=\"card\">\r\n-      <h3>Relatórios </h3>\r\n-      <p>Gere relatórios detalhados para uma análise completa das suas viajens.</p>\r\n-    </div>\r\n-    <div class=\"card\">\r\n-      <h3>Segurança</h3>\r\n-      <p>Seus dados protegidos com a mais alta segurança.</p>\r\n-    </div>\r\n-  </div>\r\n-</div>\r\n-</body>\r\n-</html>\r\n"
                },
                {
                    "date": 1716576787304,
                    "content": "Index: \n===================================================================\n--- \n+++ \n@@ -0,0 +1,100 @@\n+<!DOCTYPE html>\r\n+<html lang=\"pt-br\" xmlns:th=\"http://www.thymeleaf.org\">\r\n+<head>\r\n+  <meta charset=\"UTF-8\" />\r\n+  <meta name=\"viewport\" content=\"width=device-width, initial-scale=1.0\" />\r\n+  <link rel=\"stylesheet\" th:href=\"@{/css/viagem.css}\" />\r\n+  <link rel=\"stylesheet\" th:href=\"@{/css/home.css}\" />\r\n+  <link rel=\"stylesheet\" th:href=\"@{/css/colors.css}\" />\r\n+  <link rel=\"stylesheet\" th:href=\"@{/css/header.css}\" />\r\n+  <link rel=\"stylesheet\" th:href=\"@{/js/home.js}\" />\r\n+  <link rel=\"shortcut icon\" th:href=\"@{/img/Logo_CashFlow.png}\" />\r\n+  <title>Cash Flow</title>\r\n+  <style>\r\n+    body {\r\n+\r\n+    }\r\n+    .box {\r\n+      margin-top: 50px;\r\n+      width: 80%;\r\n+    }\r\n+    h1 {\r\n+      font-size: 3rem;\r\n+      margin: 0;\r\n+      line-height: 1;\r\n+      position: relative;\r\n+    }\r\n+    h1 .cash {\r\n+      display: block;\r\n+      position: absolute;\r\n+      top: -4rem;\r\n+      right: 3rem;\r\n+      font-size: 5rem;\r\n+    }\r\n+    h1 .flow {\r\n+      color: #007bff;\r\n+      font-size: 8rem;\r\n+    }\r\n+    .description {\r\n+      font-size: 1.2rem;\r\n+      margin: 20px 0;\r\n+      color: #6c757d;\r\n+    }\r\n+    .cards {\r\n+      display: flex;\r\n+      justify-content: space-around;\r\n+      margin-top: 20px;\r\n+    }\r\n+    .card {\r\n+      background: white;\r\n+      padding: 20px;\r\n+      box-shadow: 0 4px 8px rgba(0, 0, 0, 0.1);\r\n+      border-radius: 10px;\r\n+      width: 30%;\r\n+    }\r\n+    .card h3 {\r\n+      margin-top: 0;\r\n+      color: #007bff;\r\n+    }\r\n+    .card p {\r\n+      color: #6c757d;\r\n+\r\n+    }\r\n+  </style>\r\n+</head>\r\n+<body>\r\n+<header>\r\n+  <div class=\"direito\">\r\n+    <a th:href=\"@{/home}\">\r\n+      <img id=\"logo\" th:src=\"@{/img/Logo_CashFlow.png}\" alt=\"Logo Cash Flow\" />\r\n+    </a>\r\n+  </div>\r\n+  <div id=\"buttons\">\r\n+    <a class=\"button header\" th:href=\"@{/home}\">Inicio</a>\r\n+    <a class=\"button header\" th:href=\"@{/travel/list}\">Viagens</a>\r\n+    <a class=\"button header\" th:href=\"@{/employee/list}\">Colaboradores</a>\r\n+    <form th:action=\"@{/logout}\" method=\"post\">\r\n+      <button class=\"button_vermelho botao_sair\">Sair</button>\r\n+    </form>\r\n+  </div>\r\n+</header>\r\n+<div class=\"box\">\r\n+  <h1><span class=\"cash\">Cash</span> <span class=\"flow\">Flow</span></h1>\r\n+  <p class=\"description\">Monitore e organize seus gastos corporativos</p>\r\n+  <div class=\"cards\">\r\n+    <div class=\"card\">\r\n+      <h3>Gestão de Despesas</h3>\r\n+      <p>Controle todas as suas despesas em um só lugar com facilidade.</p>\r\n+    </div>\r\n+    <div class=\"card\">\r\n+      <h3>Relatórios </h3>\r\n+      <p>Gere relatórios detalhados para uma análise completa das suas viajens.</p>\r\n+    </div>\r\n+    <div class=\"card\">\r\n+      <h3>Segurança</h3>\r\n+      <p>Seus dados protegidos com a mais alta segurança.</p>\r\n+    </div>\r\n+  </div>\r\n+</div>\r\n+</body>\r\n+</html>\r\n"
                },
                {
                    "date": 1716576798359,
                    "content": "Index: \n===================================================================\n--- \n+++ \n@@ -0,0 +1,103 @@\n+<!DOCTYPE html>\r\n+<html lang=\"pt-br\" xmlns:th=\"http://www.thymeleaf.org\">\r\n+<head>\r\n+  <meta charset=\"UTF-8\" />\r\n+  <meta name=\"viewport\" content=\"width=device-width, initial-scale=1.0\" />\r\n+  <link rel=\"stylesheet\" th:href=\"@{/css/viagem.css}\" />\r\n+  <link rel=\"stylesheet\" th:href=\"@{/css/home.css}\" />\r\n+  <link rel=\"stylesheet\" th:href=\"@{/css/colors.css}\" />\r\n+  <link rel=\"stylesheet\" th:href=\"@{/css/header.css}\" />\r\n+  <link rel=\"stylesheet\" th:href=\"@{/js/home.js}\" />\r\n+  <link rel=\"shortcut icon\" th:href=\"@{/img/Logo_CashFlow.png}\" />\r\n+  <title>Cash Flow</title>\r\n+  <style>\r\n+    body {\r\n+      background: #f4f4f9;\r\n+      color: #333;\r\n+      display: flex;\r\n+      justify-content: center;\r\n+    }\r\n+    .box {\r\n+      margin-top: 50px;\r\n+      width: 80%;\r\n+    }\r\n+    h1 {\r\n+      font-size: 3rem;\r\n+      margin: 0;\r\n+      line-height: 1;\r\n+      position: relative;\r\n+    }\r\n+    h1 .cash {\r\n+      display: block;\r\n+      position: absolute;\r\n+      top: -4rem;\r\n+      right: 3rem;\r\n+      font-size: 5rem;\r\n+    }\r\n+    h1 .flow {\r\n+      color: #007bff;\r\n+      font-size: 8rem;\r\n+    }\r\n+    .description {\r\n+      font-size: 1.2rem;\r\n+      margin: 20px 0;\r\n+      color: #6c757d;\r\n+    }\r\n+    .cards {\r\n+      display: flex;\r\n+      justify-content: space-around;\r\n+      margin-top: 20px;\r\n+    }\r\n+    .card {\r\n+      background: white;\r\n+      padding: 20px;\r\n+      box-shadow: 0 4px 8px rgba(0, 0, 0, 0.1);\r\n+      border-radius: 10px;\r\n+      width: 30%;\r\n+    }\r\n+    .card h3 {\r\n+      margin-top: 0;\r\n+      color: #007bff;\r\n+    }\r\n+    .card p {\r\n+      color: #6c757d;\r\n+\r\n+    }\r\n+  </style>\r\n+</head>\r\n+<body>\r\n+<header>\r\n+  <div class=\"direito\">\r\n+    <a th:href=\"@{/home}\">\r\n+      <img id=\"logo\" th:src=\"@{/img/Logo_CashFlow.png}\" alt=\"Logo Cash Flow\" />\r\n+    </a>\r\n+  </div>\r\n+  <div id=\"buttons\">\r\n+    <a class=\"button header\" th:href=\"@{/home}\">Inicio</a>\r\n+    <a class=\"button header\" th:href=\"@{/travel/list}\">Viagens</a>\r\n+    <a class=\"button header\" th:href=\"@{/employee/list}\">Colaboradores</a>\r\n+    <form th:action=\"@{/logout}\" method=\"post\">\r\n+      <button class=\"button_vermelho botao_sair\">Sair</button>\r\n+    </form>\r\n+  </div>\r\n+</header>\r\n+<div class=\"box\">\r\n+  <h1><span class=\"cash\">Cash</span> <span class=\"flow\">Flow</span></h1>\r\n+  <p class=\"description\">Monitore e organize seus gastos corporativos</p>\r\n+  <div class=\"cards\">\r\n+    <div class=\"card\">\r\n+      <h3>Gestão de Despesas</h3>\r\n+      <p>Controle todas as suas despesas em um só lugar com facilidade.</p>\r\n+    </div>\r\n+    <div class=\"card\">\r\n+      <h3>Relatórios </h3>\r\n+      <p>Gere relatórios detalhados para uma análise completa das suas viajens.</p>\r\n+    </div>\r\n+    <div class=\"card\">\r\n+      <h3>Segurança</h3>\r\n+      <p>Seus dados protegidos com a mais alta segurança.</p>\r\n+    </div>\r\n+  </div>\r\n+</div>\r\n+</body>\r\n+</html>\r\n"
                },
                {
                    "date": 1716576827285,
                    "content": "Index: \n===================================================================\n--- \n+++ \n@@ -11,12 +11,9 @@\n   <link rel=\"shortcut icon\" th:href=\"@{/img/Logo_CashFlow.png}\" />\r\n   <title>Cash Flow</title>\r\n   <style>\r\n     body {\r\n-      background: #f4f4f9;\r\n-      color: #333;\r\n-      display: flex;\r\n-      justify-content: center;\r\n+  \r\n     }\r\n     .box {\r\n       margin-top: 50px;\r\n       width: 80%;\r\n@@ -100,207 +97,4 @@\n   </div>\r\n </div>\r\n </body>\r\n </html>\r\n-<!DOCTYPE html>\r\n-<html lang=\"pt-br\" xmlns:th=\"http://www.thymeleaf.org\">\r\n-<head>\r\n-  <meta charset=\"UTF-8\" />\r\n-  <meta name=\"viewport\" content=\"width=device-width, initial-scale=1.0\" />\r\n-  <link rel=\"stylesheet\" th:href=\"@{/css/viagem.css}\" />\r\n-  <link rel=\"stylesheet\" th:href=\"@{/css/home.css}\" />\r\n-  <link rel=\"stylesheet\" th:href=\"@{/css/colors.css}\" />\r\n-  <link rel=\"stylesheet\" th:href=\"@{/css/header.css}\" />\r\n-  <link rel=\"stylesheet\" th:href=\"@{/js/home.js}\" />\r\n-  <link rel=\"shortcut icon\" th:href=\"@{/img/Logo_CashFlow.png}\" />\r\n-  <title>Cash Flow</title>\r\n-  <style>\r\n-    body {\r\n-\r\n-    }\r\n-    .box {\r\n-      margin-top: 50px;\r\n-      width: 80%;\r\n-    }\r\n-    h1 {\r\n-      font-size: 3rem;\r\n-      margin: 0;\r\n-      line-height: 1;\r\n-      position: relative;\r\n-    }\r\n-    h1 .cash {\r\n-      display: block;\r\n-      position: absolute;\r\n-      top: -4rem;\r\n-      right: 3rem;\r\n-      font-size: 5rem;\r\n-    }\r\n-    h1 .flow {\r\n-      color: #007bff;\r\n-      font-size: 8rem;\r\n-    }\r\n-    .description {\r\n-      font-size: 1.2rem;\r\n-      margin: 20px 0;\r\n-      color: #6c757d;\r\n-    }\r\n-    .cards {\r\n-      display: flex;\r\n-      justify-content: space-around;\r\n-      margin-top: 20px;\r\n-    }\r\n-    .card {\r\n-      background: white;\r\n-      padding: 20px;\r\n-      box-shadow: 0 4px 8px rgba(0, 0, 0, 0.1);\r\n-      border-radius: 10px;\r\n-      width: 30%;\r\n-    }\r\n-    .card h3 {\r\n-      margin-top: 0;\r\n-      color: #007bff;\r\n-    }\r\n-    .card p {\r\n-      color: #6c757d;\r\n-\r\n-    }\r\n-  </style>\r\n-</head>\r\n-<body>\r\n-<header>\r\n-  <div class=\"direito\">\r\n-    <a th:href=\"@{/home}\">\r\n-      <img id=\"logo\" th:src=\"@{/img/Logo_CashFlow.png}\" alt=\"Logo Cash Flow\" />\r\n-    </a>\r\n-  </div>\r\n-  <div id=\"buttons\">\r\n-    <a class=\"button header\" th:href=\"@{/home}\">Inicio</a>\r\n-    <a class=\"button header\" th:href=\"@{/travel/list}\">Viagens</a>\r\n-    <a class=\"button header\" th:href=\"@{/employee/list}\">Colaboradores</a>\r\n-    <form th:action=\"@{/logout}\" method=\"post\">\r\n-      <button class=\"button_vermelho botao_sair\">Sair</button>\r\n-    </form>\r\n-  </div>\r\n-</header>\r\n-<div class=\"box\">\r\n-  <h1><span class=\"cash\">Cash</span> <span class=\"flow\">Flow</span></h1>\r\n-  <p class=\"description\">Monitore e organize seus gastos corporativos</p>\r\n-  <div class=\"cards\">\r\n-    <div class=\"card\">\r\n-      <h3>Gestão de Despesas</h3>\r\n-      <p>Controle todas as suas despesas em um só lugar com facilidade.</p>\r\n-    </div>\r\n-    <div class=\"card\">\r\n-      <h3>Relatórios </h3>\r\n-      <p>Gere relatórios detalhados para uma análise completa das suas viajens.</p>\r\n-    </div>\r\n-    <div class=\"card\">\r\n-      <h3>Segurança</h3>\r\n-      <p>Seus dados protegidos com a mais alta segurança.</p>\r\n-    </div>\r\n-  </div>\r\n-</div>\r\n-</body>\r\n-</html>\r\n-<!DOCTYPE html>\r\n-<html lang=\"pt-br\" xmlns:th=\"http://www.thymeleaf.org\">\r\n-<head>\r\n-  <meta charset=\"UTF-8\" />\r\n-  <meta name=\"viewport\" content=\"width=device-width, initial-scale=1.0\" />\r\n-  <link rel=\"stylesheet\" th:href=\"@{/css/viagem.css}\" />\r\n-  <link rel=\"stylesheet\" th:href=\"@{/css/home.css}\" />\r\n-  <link rel=\"stylesheet\" th:href=\"@{/css/colors.css}\" />\r\n-  <link rel=\"stylesheet\" th:href=\"@{/css/header.css}\" />\r\n-  <link rel=\"stylesheet\" th:href=\"@{/js/home.js}\" />\r\n-  <link rel=\"shortcut icon\" th:href=\"@{/img/Logo_CashFlow.png}\" />\r\n-  <title>Cash Flow</title>\r\n-  <style>\r\n-    body {\r\n-      background: #f4f4f9;\r\n-      color: #333;\r\n-      display: flex;\r\n-      justify-content: center;\r\n-    }\r\n-    .box {\r\n-      margin-top: 50px;\r\n-      width: 80%;\r\n-    }\r\n-    h1 {\r\n-      font-size: 3rem;\r\n-      margin: 0;\r\n-      line-height: 1;\r\n-      position: relative;\r\n-    }\r\n-    h1 .cash {\r\n-      display: block;\r\n-      position: absolute;\r\n-      top: -4rem;\r\n-      right: 3rem;\r\n-      font-size: 5rem;\r\n-    }\r\n-    h1 .flow {\r\n-      color: #007bff;\r\n-      font-size: 8rem;\r\n-    }\r\n-    .description {\r\n-      font-size: 1.2rem;\r\n-      margin: 20px 0;\r\n-      color: #6c757d;\r\n-    }\r\n-    .cards {\r\n-      display: flex;\r\n-      justify-content: space-around;\r\n-      margin-top: 20px;\r\n-    }\r\n-    .card {\r\n-      background: white;\r\n-      padding: 20px;\r\n-      box-shadow: 0 4px 8px rgba(0, 0, 0, 0.1);\r\n-      border-radius: 10px;\r\n-      width: 30%;\r\n-    }\r\n-    .card h3 {\r\n-      margin-top: 0;\r\n-      color: #007bff;\r\n-    }\r\n-    .card p {\r\n-      color: #6c757d;\r\n-\r\n-    }\r\n-  </style>\r\n-</head>\r\n-<body>\r\n-<header>\r\n-  <div class=\"direito\">\r\n-    <a th:href=\"@{/home}\">\r\n-      <img id=\"logo\" th:src=\"@{/img/Logo_CashFlow.png}\" alt=\"Logo Cash Flow\" />\r\n-    </a>\r\n-  </div>\r\n-  <div id=\"buttons\">\r\n-    <a class=\"button header\" th:href=\"@{/home}\">Inicio</a>\r\n-    <a class=\"button header\" th:href=\"@{/travel/list}\">Viagens</a>\r\n-    <a class=\"button header\" th:href=\"@{/employee/list}\">Colaboradores</a>\r\n-    <form th:action=\"@{/logout}\" method=\"post\">\r\n-      <button class=\"button_vermelho botao_sair\">Sair</button>\r\n-    </form>\r\n-  </div>\r\n-</header>\r\n-<div class=\"box\">\r\n-  <h1><span class=\"cash\">Cash</span> <span class=\"flow\">Flow</span></h1>\r\n-  <p class=\"description\">Monitore e organize seus gastos corporativos</p>\r\n-  <div class=\"cards\">\r\n-    <div class=\"card\">\r\n-      <h3>Gestão de Despesas</h3>\r\n-      <p>Controle todas as suas despesas em um só lugar com facilidade.</p>\r\n-    </div>\r\n-    <div class=\"card\">\r\n-      <h3>Relatórios </h3>\r\n-      <p>Gere relatórios detalhados para uma análise completa das suas viajens.</p>\r\n-    </div>\r\n-    <div class=\"card\">\r\n-      <h3>Segurança</h3>\r\n-      <p>Seus dados protegidos com a mais alta segurança.</p>\r\n-    </div>\r\n-  </div>\r\n-</div>\r\n-</body>\r\n-</html>\r\n"
                },
                {
                    "date": 1716576838566,
                    "content": "Index: \n===================================================================\n--- \n+++ \n@@ -10,11 +10,9 @@\n   <link rel=\"stylesheet\" th:href=\"@{/js/home.js}\" />\r\n   <link rel=\"shortcut icon\" th:href=\"@{/img/Logo_CashFlow.png}\" />\r\n   <title>Cash Flow</title>\r\n   <style>\r\n-    body {\r\n-  \r\n-    }\r\n+\r\n     .box {\r\n       margin-top: 50px;\r\n       width: 80%;\r\n     }\r\n"
                },
                {
                    "date": 1716576846824,
                    "content": "Index: \n===================================================================\n--- \n+++ \n@@ -13,9 +13,9 @@\n   <style>\r\n \r\n     .box {\r\n       margin-top: 50px;\r\n-      width: 80%;\r\n+      width: 100%;\r\n     }\r\n     h1 {\r\n       font-size: 3rem;\r\n       margin: 0;\r\n"
                },
                {
                    "date": 1716576875704,
                    "content": "Index: \n===================================================================\n--- \n+++ \n@@ -16,9 +16,9 @@\n       margin-top: 50px;\r\n       width: 100%;\r\n     }\r\n     h1 {\r\n-      font-size: 3rem;\r\n+      font-size: 8rem;\r\n       margin: 0;\r\n       line-height: 1;\r\n       position: relative;\r\n     }\r\n"
                },
                {
                    "date": 1716576888742,
                    "content": "Index: \n===================================================================\n--- \n+++ \n@@ -0,0 +1,98 @@\n+<!DOCTYPE html>\r\n+<html lang=\"pt-br\" xmlns:th=\"http://www.thymeleaf.org\">\r\n+<head>\r\n+  <meta charset=\"UTF-8\" />\r\n+  <meta name=\"viewport\" content=\"width=device-width, initial-scale=1.0\" />\r\n+  <link rel=\"stylesheet\" th:href=\"@{/css/viagem.css}\" />\r\n+  <link rel=\"stylesheet\" th:href=\"@{/css/home.css}\" />\r\n+  <link rel=\"stylesheet\" th:href=\"@{/css/colors.css}\" />\r\n+  <link rel=\"stylesheet\" th:href=\"@{/css/header.css}\" />\r\n+  <link rel=\"stylesheet\" th:href=\"@{/js/home.js}\" />\r\n+  <link rel=\"shortcut icon\" th:href=\"@{/img/Logo_CashFlow.png}\" />\r\n+  <title>Cash Flow</title>\r\n+  <style>\r\n+\r\n+    .box {\r\n+      margin-top: 50px;\r\n+      width: 100%;\r\n+    }\r\n+    h1 {\r\n+      font-size: 3rem;\r\n+      margin: 0;\r\n+      line-height: 1;\r\n+      position: relative;\r\n+    }\r\n+    h1 .cash {\r\n+      display: block;\r\n+      position: absolute;\r\n+      top: -4rem;\r\n+      right: 3rem;\r\n+      font-size: 5rem;\r\n+    }\r\n+    h1 .flow {\r\n+      color: #007bff;\r\n+      font-size: 8rem;\r\n+    }\r\n+    .description {\r\n+      font-size: 1.2rem;\r\n+      margin: 20px 0;\r\n+      color: #6c757d;\r\n+    }\r\n+    .cards {\r\n+      display: flex;\r\n+      justify-content: space-around;\r\n+      margin-top: 20px;\r\n+    }\r\n+    .card {\r\n+      background: white;\r\n+      padding: 20px;\r\n+      box-shadow: 0 4px 8px rgba(0, 0, 0, 0.1);\r\n+      border-radius: 10px;\r\n+      width: 30%;\r\n+    }\r\n+    .card h3 {\r\n+      margin-top: 0;\r\n+      color: #007bff;\r\n+    }\r\n+    .card p {\r\n+      color: #6c757d;\r\n+\r\n+    }\r\n+  </style>\r\n+</head>\r\n+<body>\r\n+<header>\r\n+  <div class=\"direito\">\r\n+    <a th:href=\"@{/home}\">\r\n+      <img id=\"logo\" th:src=\"@{/img/Logo_CashFlow.png}\" alt=\"Logo Cash Flow\" />\r\n+    </a>\r\n+  </div>\r\n+  <div id=\"buttons\">\r\n+    <a class=\"button header\" th:href=\"@{/home}\">Inicio</a>\r\n+    <a class=\"button header\" th:href=\"@{/travel/list}\">Viagens</a>\r\n+    <a class=\"button header\" th:href=\"@{/employee/list}\">Colaboradores</a>\r\n+    <form th:action=\"@{/logout}\" method=\"post\">\r\n+      <button class=\"button_vermelho botao_sair\">Sair</button>\r\n+    </form>\r\n+  </div>\r\n+</header>\r\n+<div class=\"box\">\r\n+  <h1><span class=\"cash\">Cash</span> <span class=\"flow\">Flow</span></h1>\r\n+  <p class=\"description\">Monitore e organize seus gastos corporativos</p>\r\n+  <div class=\"cards\">\r\n+    <div class=\"card\">\r\n+      <h3>Gestão de Despesas</h3>\r\n+      <p>Controle todas as suas despesas em um só lugar com facilidade.</p>\r\n+    </div>\r\n+    <div class=\"card\">\r\n+      <h3>Relatórios </h3>\r\n+      <p>Gere relatórios detalhados para uma análise completa das suas viajens.</p>\r\n+    </div>\r\n+    <div class=\"card\">\r\n+      <h3>Segurança</h3>\r\n+      <p>Seus dados protegidos com a mais alta segurança.</p>\r\n+    </div>\r\n+  </div>\r\n+</div>\r\n+</body>\r\n+</html>\r\n"
                },
                {
                    "date": 1716576916981,
                    "content": "Index: \n===================================================================\n--- \n+++ \n@@ -12,10 +12,9 @@\n   <title>Cash Flow</title>\r\n   <style>\r\n \r\n     .box {\r\n-      margin-top: 50px;\r\n-      width: 100%;\r\n+    \r\n     }\r\n     h1 {\r\n       font-size: 3rem;\r\n       margin: 0;\r\n@@ -95,102 +94,4 @@\n   </div>\r\n </div>\r\n </body>\r\n </html>\r\n-<!DOCTYPE html>\r\n-<html lang=\"pt-br\" xmlns:th=\"http://www.thymeleaf.org\">\r\n-<head>\r\n-  <meta charset=\"UTF-8\" />\r\n-  <meta name=\"viewport\" content=\"width=device-width, initial-scale=1.0\" />\r\n-  <link rel=\"stylesheet\" th:href=\"@{/css/viagem.css}\" />\r\n-  <link rel=\"stylesheet\" th:href=\"@{/css/home.css}\" />\r\n-  <link rel=\"stylesheet\" th:href=\"@{/css/colors.css}\" />\r\n-  <link rel=\"stylesheet\" th:href=\"@{/css/header.css}\" />\r\n-  <link rel=\"stylesheet\" th:href=\"@{/js/home.js}\" />\r\n-  <link rel=\"shortcut icon\" th:href=\"@{/img/Logo_CashFlow.png}\" />\r\n-  <title>Cash Flow</title>\r\n-  <style>\r\n-\r\n-    .box {\r\n-      margin-top: 50px;\r\n-      width: 100%;\r\n-    }\r\n-    h1 {\r\n-      font-size: 8rem;\r\n-      margin: 0;\r\n-      line-height: 1;\r\n-      position: relative;\r\n-    }\r\n-    h1 .cash {\r\n-      display: block;\r\n-      position: absolute;\r\n-      top: -4rem;\r\n-      right: 3rem;\r\n-      font-size: 5rem;\r\n-    }\r\n-    h1 .flow {\r\n-      color: #007bff;\r\n-      font-size: 8rem;\r\n-    }\r\n-    .description {\r\n-      font-size: 1.2rem;\r\n-      margin: 20px 0;\r\n-      color: #6c757d;\r\n-    }\r\n-    .cards {\r\n-      display: flex;\r\n-      justify-content: space-around;\r\n-      margin-top: 20px;\r\n-    }\r\n-    .card {\r\n-      background: white;\r\n-      padding: 20px;\r\n-      box-shadow: 0 4px 8px rgba(0, 0, 0, 0.1);\r\n-      border-radius: 10px;\r\n-      width: 30%;\r\n-    }\r\n-    .card h3 {\r\n-      margin-top: 0;\r\n-      color: #007bff;\r\n-    }\r\n-    .card p {\r\n-      color: #6c757d;\r\n-\r\n-    }\r\n-  </style>\r\n-</head>\r\n-<body>\r\n-<header>\r\n-  <div class=\"direito\">\r\n-    <a th:href=\"@{/home}\">\r\n-      <img id=\"logo\" th:src=\"@{/img/Logo_CashFlow.png}\" alt=\"Logo Cash Flow\" />\r\n-    </a>\r\n-  </div>\r\n-  <div id=\"buttons\">\r\n-    <a class=\"button header\" th:href=\"@{/home}\">Inicio</a>\r\n-    <a class=\"button header\" th:href=\"@{/travel/list}\">Viagens</a>\r\n-    <a class=\"button header\" th:href=\"@{/employee/list}\">Colaboradores</a>\r\n-    <form th:action=\"@{/logout}\" method=\"post\">\r\n-      <button class=\"button_vermelho botao_sair\">Sair</button>\r\n-    </form>\r\n-  </div>\r\n-</header>\r\n-<div class=\"box\">\r\n-  <h1><span class=\"cash\">Cash</span> <span class=\"flow\">Flow</span></h1>\r\n-  <p class=\"description\">Monitore e organize seus gastos corporativos</p>\r\n-  <div class=\"cards\">\r\n-    <div class=\"card\">\r\n-      <h3>Gestão de Despesas</h3>\r\n-      <p>Controle todas as suas despesas em um só lugar com facilidade.</p>\r\n-    </div>\r\n-    <div class=\"card\">\r\n-      <h3>Relatórios </h3>\r\n-      <p>Gere relatórios detalhados para uma análise completa das suas viajens.</p>\r\n-    </div>\r\n-    <div class=\"card\">\r\n-      <h3>Segurança</h3>\r\n-      <p>Seus dados protegidos com a mais alta segurança.</p>\r\n-    </div>\r\n-  </div>\r\n-</div>\r\n-</body>\r\n-</html>\r\n"
                },
                {
                    "date": 1716576937662,
                    "content": "Index: \n===================================================================\n--- \n+++ \n@@ -11,11 +11,8 @@\n   <link rel=\"shortcut icon\" th:href=\"@{/img/Logo_CashFlow.png}\" />\r\n   <title>Cash Flow</title>\r\n   <style>\r\n \r\n-    .box {\r\n-    \r\n-    }\r\n     h1 {\r\n       font-size: 3rem;\r\n       margin: 0;\r\n       line-height: 1;\r\n"
                },
                {
                    "date": 1716576943995,
                    "content": "Index: \n===================================================================\n--- \n+++ \n@@ -12,12 +12,9 @@\n   <title>Cash Flow</title>\r\n   <style>\r\n \r\n     h1 {\r\n-      font-size: 3rem;\r\n-      margin: 0;\r\n-      line-height: 1;\r\n-      position: relative;\r\n+   \r\n     }\r\n     h1 .cash {\r\n       display: block;\r\n       position: absolute;\r\n"
                },
                {
                    "date": 1716576998723,
                    "content": "Index: \n===================================================================\n--- \n+++ \n@@ -14,15 +14,9 @@\n \r\n     h1 {\r\n    \r\n     }\r\n-    h1 .cash {\r\n-      display: block;\r\n-      position: absolute;\r\n-      top: -4rem;\r\n-      right: 3rem;\r\n-      font-size: 5rem;\r\n-    }\r\n+\r\n     h1 .flow {\r\n       color: #007bff;\r\n       font-size: 8rem;\r\n     }\r\n"
                },
                {
                    "date": 1716577009441,
                    "content": "Index: \n===================================================================\n--- \n+++ \n@@ -11,11 +11,8 @@\n   <link rel=\"shortcut icon\" th:href=\"@{/img/Logo_CashFlow.png}\" />\r\n   <title>Cash Flow</title>\r\n   <style>\r\n \r\n-    h1 {\r\n-   \r\n-    }\r\n \r\n     h1 .flow {\r\n       color: #007bff;\r\n       font-size: 8rem;\r\n"
                },
                {
                    "date": 1716577015224,
                    "content": "Index: \n===================================================================\n--- \n+++ \n@@ -12,12 +12,9 @@\n   <title>Cash Flow</title>\r\n   <style>\r\n \r\n \r\n-    h1 .flow {\r\n-      color: #007bff;\r\n-      font-size: 8rem;\r\n-    }\r\n+\r\n     .description {\r\n       font-size: 1.2rem;\r\n       margin: 20px 0;\r\n       color: #6c757d;\r\n"
                },
                {
                    "date": 1716577046396,
                    "content": "Index: \n===================================================================\n--- \n+++ \n@@ -13,33 +13,9 @@\n   <style>\r\n \r\n \r\n \r\n-    .description {\r\n-      font-size: 1.2rem;\r\n-      margin: 20px 0;\r\n-      color: #6c757d;\r\n-    }\r\n-    .cards {\r\n-      display: flex;\r\n-      justify-content: space-around;\r\n-      margin-top: 20px;\r\n-    }\r\n-    .card {\r\n-      background: white;\r\n-      padding: 20px;\r\n-      box-shadow: 0 4px 8px rgba(0, 0, 0, 0.1);\r\n-      border-radius: 10px;\r\n-      width: 30%;\r\n-    }\r\n-    .card h3 {\r\n-      margin-top: 0;\r\n-      color: #007bff;\r\n-    }\r\n-    .card p {\r\n-      color: #6c757d;\r\n \r\n-    }\r\n   </style>\r\n </head>\r\n <body>\r\n <header>\r\n"
                },
                {
                    "date": 1716577439656,
                    "content": "Index: \n===================================================================\n--- \n+++ \n@@ -9,14 +9,9 @@\n   <link rel=\"stylesheet\" th:href=\"@{/css/header.css}\" />\r\n   <link rel=\"stylesheet\" th:href=\"@{/js/home.js}\" />\r\n   <link rel=\"shortcut icon\" th:href=\"@{/img/Logo_CashFlow.png}\" />\r\n   <title>Cash Flow</title>\r\n-  <style>\r\n \r\n-\r\n-\r\n-\r\n-  </style>\r\n </head>\r\n <body>\r\n <header>\r\n   <div class=\"direito\">\r\n"
                },
                {
                    "date": 1716577836623,
                    "content": "Index: \n===================================================================\n--- \n+++ \n@@ -28,8 +28,11 @@\n     </form>\r\n   </div>\r\n </header>\r\n <div class=\"box\">\r\n+  <a th:href=\"@{/home}\">\r\n+    <img id=\"logo\" th:src=\"@{/img/Logo_CashFlow.png}\" alt=\"Logo Cash Flow\" />\r\n+  </a>\r\n   <h1><span class=\"cash\">Cash</span> <span class=\"flow\">Flow</span></h1>\r\n   <p class=\"description\">Monitore e organize seus gastos corporativos</p>\r\n   <div class=\"cards\">\r\n     <div class=\"card\">\r\n"
                },
                {
                    "date": 1716577851657,
                    "content": "Index: \n===================================================================\n--- \n+++ \n@@ -15,9 +15,9 @@\n <body>\r\n <header>\r\n   <div class=\"direito\">\r\n     <a th:href=\"@{/home}\">\r\n-      <img id=\"logo\" th:src=\"@{/img/Logo_CashFlow.png}\" alt=\"Logo Cash Flow\" />\r\n+      <!-- <img id=\"logo\" th:src=\"@{/img/Logo_CashFlow.png}\" alt=\"Logo Cash Flow\" /> -->\r\n     </a>\r\n   </div>\r\n   <div id=\"buttons\">\r\n     <a class=\"button header\" th:href=\"@{/home}\">Inicio</a>\r\n"
                },
                {
                    "date": 1716577954454,
                    "content": "Index: \n===================================================================\n--- \n+++ \n@@ -15,9 +15,9 @@\n <body>\r\n <header>\r\n   <div class=\"direito\">\r\n     <a th:href=\"@{/home}\">\r\n-      <!-- <img id=\"logo\" th:src=\"@{/img/Logo_CashFlow.png}\" alt=\"Logo Cash Flow\" /> -->\r\n+      <img id=\"logo\" th:src=\"@{/img/Logo_CashFlow.png}\" alt=\"Logo Cash Flow\" />\r\n     </a>\r\n   </div>\r\n   <div id=\"buttons\">\r\n     <a class=\"button header\" th:href=\"@{/home}\">Inicio</a>\r\n@@ -28,11 +28,8 @@\n     </form>\r\n   </div>\r\n </header>\r\n <div class=\"box\">\r\n-  <a th:href=\"@{/home}\">\r\n-    <img id=\"logo\" th:src=\"@{/img/Logo_CashFlow.png}\" alt=\"Logo Cash Flow\" />\r\n-  </a>\r\n   <h1><span class=\"cash\">Cash</span> <span class=\"flow\">Flow</span></h1>\r\n   <p class=\"description\">Monitore e organize seus gastos corporativos</p>\r\n   <div class=\"cards\">\r\n     <div class=\"card\">\r\n"
                },
                {
                    "date": 1716577972135,
                    "content": "Index: \n===================================================================\n--- \n+++ \n@@ -0,0 +1,50 @@\n+<!DOCTYPE html>\r\n+<html lang=\"pt-br\" xmlns:th=\"http://www.thymeleaf.org\">\r\n+<head>\r\n+  <meta charset=\"UTF-8\" />\r\n+  <meta name=\"viewport\" content=\"width=device-width, initial-scale=1.0\" />\r\n+  <link rel=\"stylesheet\" th:href=\"@{/css/viagem.css}\" />\r\n+  <link rel=\"stylesheet\" th:href=\"@{/css/home.css}\" />\r\n+  <link rel=\"stylesheet\" th:href=\"@{/css/colors.css}\" />\r\n+  <link rel=\"stylesheet\" th:href=\"@{/css/header.css}\" />\r\n+  <link rel=\"stylesheet\" th:href=\"@{/js/home.js}\" />\r\n+  <link rel=\"shortcut icon\" th:href=\"@{/img/Logo_CashFlow.png}\" />\r\n+  <title>Cash Flow</title>\r\n+\r\n+</head>\r\n+<body>\r\n+<header>\r\n+  <div class=\"direito\">\r\n+    <a th:href=\"@{/home}\">\r\n+      <!-- <img id=\"logo\" th:src=\"@{/img/Logo_CashFlow.png}\" alt=\"Logo Cash Flow\" /> -->\r\n+    </a>\r\n+  </div>\r\n+  <div id=\"buttons\">\r\n+    <a class=\"button header\" th:href=\"@{/home}\">Inicio</a>\r\n+    <a class=\"button header\" th:href=\"@{/travel/list}\">Viagens</a>\r\n+    <a class=\"button header\" th:href=\"@{/employee/list}\">Colaboradores</a>\r\n+    <form th:action=\"@{/logout}\" method=\"post\">\r\n+      <button class=\"button_vermelho botao_sair\">Sair</button>\r\n+    </form>\r\n+  </div>\r\n+</header>\r\n+<div class=\"box\">\r\n+  <h1><span class=\"cash\">Cash</span> <span class=\"flow\">Flow</span></h1>\r\n+  <p class=\"description\">Monitore e organize seus gastos corporativos</p>\r\n+  <div class=\"cards\">\r\n+    <div class=\"card\">\r\n+      <h3>Gestão de Despesas</h3>\r\n+      <p>Controle todas as suas despesas em um só lugar com facilidade.</p>\r\n+    </div>\r\n+    <div class=\"card\">\r\n+      <h3>Relatórios </h3>\r\n+      <p>Gere relatórios detalhados para uma análise completa das suas viajens.</p>\r\n+    </div>\r\n+    <div class=\"card\">\r\n+      <h3>Segurança</h3>\r\n+      <p>Seus dados protegidos com a mais alta segurança.</p>\r\n+    </div>\r\n+  </div>\r\n+</div>\r\n+</body>\r\n+</html>\r\n"
                },
                {
                    "date": 1716577991808,
                    "content": "Index: \n===================================================================\n--- \n+++ \n@@ -13,13 +13,13 @@\n \r\n </head>\r\n <body>\r\n <header>\r\n-  <div class=\"direito\">\r\n+  <!-- <div class=\"direito\">\r\n     <a th:href=\"@{/home}\">\r\n       <!-- <img id=\"logo\" th:src=\"@{/img/Logo_CashFlow.png}\" alt=\"Logo Cash Flow\" /> -->\r\n     </a>\r\n-  </div>\r\n+  </div> -->\r\n   <div id=\"buttons\">\r\n     <a class=\"button header\" th:href=\"@{/home}\">Inicio</a>\r\n     <a class=\"button header\" th:href=\"@{/travel/list}\">Viagens</a>\r\n     <a class=\"button header\" th:href=\"@{/employee/list}\">Colaboradores</a>\r\n"
                },
                {
                    "date": 1716578003541,
                    "content": "Index: \n===================================================================\n--- \n+++ \n@@ -0,0 +1,50 @@\n+<!DOCTYPE html>\r\n+<html lang=\"pt-br\" xmlns:th=\"http://www.thymeleaf.org\">\r\n+<head>\r\n+  <meta charset=\"UTF-8\" />\r\n+  <meta name=\"viewport\" content=\"width=device-width, initial-scale=1.0\" />\r\n+  <link rel=\"stylesheet\" th:href=\"@{/css/viagem.css}\" />\r\n+  <link rel=\"stylesheet\" th:href=\"@{/css/home.css}\" />\r\n+  <link rel=\"stylesheet\" th:href=\"@{/css/colors.css}\" />\r\n+  <link rel=\"stylesheet\" th:href=\"@{/css/header.css}\" />\r\n+  <link rel=\"stylesheet\" th:href=\"@{/js/home.js}\" />\r\n+  <link rel=\"shortcut icon\" th:href=\"@{/img/Logo_CashFlow.png}\" />\r\n+  <title>Cash Flow</title>\r\n+\r\n+</head>\r\n+<body>\r\n+<header>\r\n+  <div class=\"direito\">\r\n+    <a th:href=\"@{/home}\">\r\n+      <img id=\"logo\" th:src=\"@{/img/Logo_CashFlow.png}\" alt=\"Logo Cash Flow\" />\r\n+    </a>\r\n+  </div>\r\n+  <div id=\"buttons\">\r\n+    <a class=\"button header\" th:href=\"@{/home}\">Inicio</a>\r\n+    <a class=\"button header\" th:href=\"@{/travel/list}\">Viagens</a>\r\n+    <a class=\"button header\" th:href=\"@{/employee/list}\">Colaboradores</a>\r\n+    <form th:action=\"@{/logout}\" method=\"post\">\r\n+      <button class=\"button_vermelho botao_sair\">Sair</button>\r\n+    </form>\r\n+  </div>\r\n+</header>\r\n+<div class=\"box\">\r\n+  <h1><span class=\"cash\">Cash</span> <span class=\"flow\">Flow</span></h1>\r\n+  <p class=\"description\">Monitore e organize seus gastos corporativos</p>\r\n+  <div class=\"cards\">\r\n+    <div class=\"card\">\r\n+      <h3>Gestão de Despesas</h3>\r\n+      <p>Controle todas as suas despesas em um só lugar com facilidade.</p>\r\n+    </div>\r\n+    <div class=\"card\">\r\n+      <h3>Relatórios </h3>\r\n+      <p>Gere relatórios detalhados para uma análise completa das suas viajens.</p>\r\n+    </div>\r\n+    <div class=\"card\">\r\n+      <h3>Segurança</h3>\r\n+      <p>Seus dados protegidos com a mais alta segurança.</p>\r\n+    </div>\r\n+  </div>\r\n+</div>\r\n+</body>\r\n+</html>\r\n"
                },
                {
                    "date": 1716578028123,
                    "content": "Index: \n===================================================================\n--- \n+++ \n@@ -0,0 +1,50 @@\n+<!DOCTYPE html>\r\n+<html lang=\"pt-br\" xmlns:th=\"http://www.thymeleaf.org\">\r\n+<head>\r\n+  <meta charset=\"UTF-8\" />\r\n+  <meta name=\"viewport\" content=\"width=device-width, initial-scale=1.0\" />\r\n+  <link rel=\"stylesheet\" th:href=\"@{/css/viagem.css}\" />\r\n+  <link rel=\"stylesheet\" th:href=\"@{/css/home.css}\" />\r\n+  <link rel=\"stylesheet\" th:href=\"@{/css/colors.css}\" />\r\n+  <link rel=\"stylesheet\" th:href=\"@{/css/header.css}\" />\r\n+  <link rel=\"stylesheet\" th:href=\"@{/js/home.js}\" />\r\n+  <link rel=\"shortcut icon\" th:href=\"@{/img/Logo_CashFlow.png}\" />\r\n+  <title>Cash Flow</title>\r\n+\r\n+</head>\r\n+<body>\r\n+<header>\r\n+  <div class=\"direito\">\r\n+    <a th:href=\"@{/home}\">\r\n+      <img id=\"logo\" th:src=\"@{/img/Logo_CashFlow.png}\" alt=\"Logo Cash Flow\" />\r\n+    </a>\r\n+  </div>\r\n+  <div id=\"buttons\">\r\n+    <a class=\"button header\" th:href=\"@{/home}\">Inicio</a>\r\n+    <a class=\"button header\" th:href=\"@{/travel/list}\">Viagens</a>\r\n+    <a class=\"button header\" th:href=\"@{/employee/list}\">Colaboradores</a>\r\n+    <form th:action=\"@{/logout}\" method=\"post\">\r\n+      <button class=\"button_vermelho botao_sair\">Sair</button>\r\n+    </form>\r\n+  </div>\r\n+</header>\r\n+<div class=\"box\">\r\n+  <h1><span class=\"cash\">Cash</span> <span class=\"flow\">Flow</span></h1>\r\n+  <p class=\"description\">Monitore e organize seus gastos corporativos</p>\r\n+  <div class=\"cards\">\r\n+    <div class=\"card\">\r\n+      <h3>Gestão de Despesas</h3>\r\n+      <p>Controle todas as suas despesas em um só lugar com facilidade.</p>\r\n+    </div>\r\n+    <div class=\"card\">\r\n+      <h3>Relatórios </h3>\r\n+      <p>Gere relatórios detalhados para uma análise completa das suas viajens.</p>\r\n+    </div>\r\n+    <div class=\"card\">\r\n+      <h3>Segurança</h3>\r\n+      <p>Seus dados protegidos com a mais alta segurança.</p>\r\n+    </div>\r\n+  </div>\r\n+</div>\r\n+</body>\r\n+</html>\r\n"
                },
                {
                    "date": 1716578044704,
                    "content": "Index: \n===================================================================\n--- \n+++ \n@@ -0,0 +1,50 @@\n+<!DOCTYPE html>\r\n+<html lang=\"pt-br\" xmlns:th=\"http://www.thymeleaf.org\">\r\n+<head>\r\n+  <meta charset=\"UTF-8\" />\r\n+  <meta name=\"viewport\" content=\"width=device-width, initial-scale=1.0\" />\r\n+  <link rel=\"stylesheet\" th:href=\"@{/css/viagem.css}\" />\r\n+  <link rel=\"stylesheet\" th:href=\"@{/css/home.css}\" />\r\n+  <link rel=\"stylesheet\" th:href=\"@{/css/colors.css}\" />\r\n+  <link rel=\"stylesheet\" th:href=\"@{/css/header.css}\" />\r\n+  <link rel=\"stylesheet\" th:href=\"@{/js/home.js}\" />\r\n+  <link rel=\"shortcut icon\" th:href=\"@{/img/Logo_CashFlow.png}\" />\r\n+  <title>Cash Flow</title>\r\n+\r\n+</head>\r\n+<body>\r\n+<header>\r\n+  <div class=\"direito\">\r\n+    <a th:href=\"@{/home}\">\r\n+      <!-- <img id=\"logo\" th:src=\"@{/img/Logo_CashFlow.png}\" alt=\"Logo Cash Flow\" /> -->\r\n+    </a>\r\n+  </div>\r\n+  <div id=\"buttons\">\r\n+    <a class=\"button header\" th:href=\"@{/home}\">Inicio</a>\r\n+    <a class=\"button header\" th:href=\"@{/travel/list}\">Viagens</a>\r\n+    <a class=\"button header\" th:href=\"@{/employee/list}\">Colaboradores</a>\r\n+    <form th:action=\"@{/logout}\" method=\"post\">\r\n+      <button class=\"button_vermelho botao_sair\">Sair</button>\r\n+    </form>\r\n+  </div>\r\n+</header>\r\n+<div class=\"box\">\r\n+  <h1><span class=\"cash\">Cash</span> <span class=\"flow\">Flow</span></h1>\r\n+  <p class=\"description\">Monitore e organize seus gastos corporativos</p>\r\n+  <div class=\"cards\">\r\n+    <div class=\"card\">\r\n+      <h3>Gestão de Despesas</h3>\r\n+      <p>Controle todas as suas despesas em um só lugar com facilidade.</p>\r\n+    </div>\r\n+    <div class=\"card\">\r\n+      <h3>Relatórios </h3>\r\n+      <p>Gere relatórios detalhados para uma análise completa das suas viajens.</p>\r\n+    </div>\r\n+    <div class=\"card\">\r\n+      <h3>Segurança</h3>\r\n+      <p>Seus dados protegidos com a mais alta segurança.</p>\r\n+    </div>\r\n+  </div>\r\n+</div>\r\n+</body>\r\n+</html>\r\n"
                },
                {
                    "date": 1716578164129,
                    "content": "Index: \n===================================================================\n--- \n+++ \n@@ -37,9 +37,9 @@\n       <p>Controle todas as suas despesas em um só lugar com facilidade.</p>\r\n     </div>\r\n     <div class=\"card\">\r\n       <h3>Relatórios </h3>\r\n-      <p>Gere relatórios detalhados para uma análise completa das suas viajens.</p>\r\n+      <p>Gere relatórios em  detalhados para uma análise completa das suas viajens.</p>\r\n     </div>\r\n     <div class=\"card\">\r\n       <h3>Segurança</h3>\r\n       <p>Seus dados protegidos com a mais alta segurança.</p>\r\n@@ -47,204 +47,4 @@\n   </div>\r\n </div>\r\n </body>\r\n </html>\r\n-<!DOCTYPE html>\r\n-<html lang=\"pt-br\" xmlns:th=\"http://www.thymeleaf.org\">\r\n-<head>\r\n-  <meta charset=\"UTF-8\" />\r\n-  <meta name=\"viewport\" content=\"width=device-width, initial-scale=1.0\" />\r\n-  <link rel=\"stylesheet\" th:href=\"@{/css/viagem.css}\" />\r\n-  <link rel=\"stylesheet\" th:href=\"@{/css/home.css}\" />\r\n-  <link rel=\"stylesheet\" th:href=\"@{/css/colors.css}\" />\r\n-  <link rel=\"stylesheet\" th:href=\"@{/css/header.css}\" />\r\n-  <link rel=\"stylesheet\" th:href=\"@{/js/home.js}\" />\r\n-  <link rel=\"shortcut icon\" th:href=\"@{/img/Logo_CashFlow.png}\" />\r\n-  <title>Cash Flow</title>\r\n-\r\n-</head>\r\n-<body>\r\n-<header>\r\n-  <div class=\"direito\">\r\n-    <a th:href=\"@{/home}\">\r\n-      <img id=\"logo\" th:src=\"@{/img/Logo_CashFlow.png}\" alt=\"Logo Cash Flow\" />\r\n-    </a>\r\n-  </div>\r\n-  <div id=\"buttons\">\r\n-    <a class=\"button header\" th:href=\"@{/home}\">Inicio</a>\r\n-    <a class=\"button header\" th:href=\"@{/travel/list}\">Viagens</a>\r\n-    <a class=\"button header\" th:href=\"@{/employee/list}\">Colaboradores</a>\r\n-    <form th:action=\"@{/logout}\" method=\"post\">\r\n-      <button class=\"button_vermelho botao_sair\">Sair</button>\r\n-    </form>\r\n-  </div>\r\n-</header>\r\n-<div class=\"box\">\r\n-  <h1><span class=\"cash\">Cash</span> <span class=\"flow\">Flow</span></h1>\r\n-  <p class=\"description\">Monitore e organize seus gastos corporativos</p>\r\n-  <div class=\"cards\">\r\n-    <div class=\"card\">\r\n-      <h3>Gestão de Despesas</h3>\r\n-      <p>Controle todas as suas despesas em um só lugar com facilidade.</p>\r\n-    </div>\r\n-    <div class=\"card\">\r\n-      <h3>Relatórios </h3>\r\n-      <p>Gere relatórios detalhados para uma análise completa das suas viajens.</p>\r\n-    </div>\r\n-    <div class=\"card\">\r\n-      <h3>Segurança</h3>\r\n-      <p>Seus dados protegidos com a mais alta segurança.</p>\r\n-    </div>\r\n-  </div>\r\n-</div>\r\n-</body>\r\n-</html>\r\n-<!DOCTYPE html>\r\n-<html lang=\"pt-br\" xmlns:th=\"http://www.thymeleaf.org\">\r\n-<head>\r\n-  <meta charset=\"UTF-8\" />\r\n-  <meta name=\"viewport\" content=\"width=device-width, initial-scale=1.0\" />\r\n-  <link rel=\"stylesheet\" th:href=\"@{/css/viagem.css}\" />\r\n-  <link rel=\"stylesheet\" th:href=\"@{/css/home.css}\" />\r\n-  <link rel=\"stylesheet\" th:href=\"@{/css/colors.css}\" />\r\n-  <link rel=\"stylesheet\" th:href=\"@{/css/header.css}\" />\r\n-  <link rel=\"stylesheet\" th:href=\"@{/js/home.js}\" />\r\n-  <link rel=\"shortcut icon\" th:href=\"@{/img/Logo_CashFlow.png}\" />\r\n-  <title>Cash Flow</title>\r\n-\r\n-</head>\r\n-<body>\r\n-<header>\r\n-  <div class=\"direito\">\r\n-    <a th:href=\"@{/home}\">\r\n-      <img id=\"logo\" th:src=\"@{/img/Logo_CashFlow.png}\" alt=\"Logo Cash Flow\" />\r\n-    </a>\r\n-  </div>\r\n-  <div id=\"buttons\">\r\n-    <a class=\"button header\" th:href=\"@{/home}\">Inicio</a>\r\n-    <a class=\"button header\" th:href=\"@{/travel/list}\">Viagens</a>\r\n-    <a class=\"button header\" th:href=\"@{/employee/list}\">Colaboradores</a>\r\n-    <form th:action=\"@{/logout}\" method=\"post\">\r\n-      <button class=\"button_vermelho botao_sair\">Sair</button>\r\n-    </form>\r\n-  </div>\r\n-</header>\r\n-<div class=\"box\">\r\n-  <h1><span class=\"cash\">Cash</span> <span class=\"flow\">Flow</span></h1>\r\n-  <p class=\"description\">Monitore e organize seus gastos corporativos</p>\r\n-  <div class=\"cards\">\r\n-    <div class=\"card\">\r\n-      <h3>Gestão de Despesas</h3>\r\n-      <p>Controle todas as suas despesas em um só lugar com facilidade.</p>\r\n-    </div>\r\n-    <div class=\"card\">\r\n-      <h3>Relatórios </h3>\r\n-      <p>Gere relatórios detalhados para uma análise completa das suas viajens.</p>\r\n-    </div>\r\n-    <div class=\"card\">\r\n-      <h3>Segurança</h3>\r\n-      <p>Seus dados protegidos com a mais alta segurança.</p>\r\n-    </div>\r\n-  </div>\r\n-</div>\r\n-</body>\r\n-</html>\r\n-<!DOCTYPE html>\r\n-<html lang=\"pt-br\" xmlns:th=\"http://www.thymeleaf.org\">\r\n-<head>\r\n-  <meta charset=\"UTF-8\" />\r\n-  <meta name=\"viewport\" content=\"width=device-width, initial-scale=1.0\" />\r\n-  <link rel=\"stylesheet\" th:href=\"@{/css/viagem.css}\" />\r\n-  <link rel=\"stylesheet\" th:href=\"@{/css/home.css}\" />\r\n-  <link rel=\"stylesheet\" th:href=\"@{/css/colors.css}\" />\r\n-  <link rel=\"stylesheet\" th:href=\"@{/css/header.css}\" />\r\n-  <link rel=\"stylesheet\" th:href=\"@{/js/home.js}\" />\r\n-  <link rel=\"shortcut icon\" th:href=\"@{/img/Logo_CashFlow.png}\" />\r\n-  <title>Cash Flow</title>\r\n-\r\n-</head>\r\n-<body>\r\n-<header>\r\n-  <!-- <div class=\"direito\">\r\n-    <a th:href=\"@{/home}\">\r\n-      <!-- <img id=\"logo\" th:src=\"@{/img/Logo_CashFlow.png}\" alt=\"Logo Cash Flow\" /> -->\r\n-    </a>\r\n-  </div> -->\r\n-  <div id=\"buttons\">\r\n-    <a class=\"button header\" th:href=\"@{/home}\">Inicio</a>\r\n-    <a class=\"button header\" th:href=\"@{/travel/list}\">Viagens</a>\r\n-    <a class=\"button header\" th:href=\"@{/employee/list}\">Colaboradores</a>\r\n-    <form th:action=\"@{/logout}\" method=\"post\">\r\n-      <button class=\"button_vermelho botao_sair\">Sair</button>\r\n-    </form>\r\n-  </div>\r\n-</header>\r\n-<div class=\"box\">\r\n-  <h1><span class=\"cash\">Cash</span> <span class=\"flow\">Flow</span></h1>\r\n-  <p class=\"description\">Monitore e organize seus gastos corporativos</p>\r\n-  <div class=\"cards\">\r\n-    <div class=\"card\">\r\n-      <h3>Gestão de Despesas</h3>\r\n-      <p>Controle todas as suas despesas em um só lugar com facilidade.</p>\r\n-    </div>\r\n-    <div class=\"card\">\r\n-      <h3>Relatórios </h3>\r\n-      <p>Gere relatórios detalhados para uma análise completa das suas viajens.</p>\r\n-    </div>\r\n-    <div class=\"card\">\r\n-      <h3>Segurança</h3>\r\n-      <p>Seus dados protegidos com a mais alta segurança.</p>\r\n-    </div>\r\n-  </div>\r\n-</div>\r\n-</body>\r\n-</html>\r\n-<!DOCTYPE html>\r\n-<html lang=\"pt-br\" xmlns:th=\"http://www.thymeleaf.org\">\r\n-<head>\r\n-  <meta charset=\"UTF-8\" />\r\n-  <meta name=\"viewport\" content=\"width=device-width, initial-scale=1.0\" />\r\n-  <link rel=\"stylesheet\" th:href=\"@{/css/viagem.css}\" />\r\n-  <link rel=\"stylesheet\" th:href=\"@{/css/home.css}\" />\r\n-  <link rel=\"stylesheet\" th:href=\"@{/css/colors.css}\" />\r\n-  <link rel=\"stylesheet\" th:href=\"@{/css/header.css}\" />\r\n-  <link rel=\"stylesheet\" th:href=\"@{/js/home.js}\" />\r\n-  <link rel=\"shortcut icon\" th:href=\"@{/img/Logo_CashFlow.png}\" />\r\n-  <title>Cash Flow</title>\r\n-\r\n-</head>\r\n-<body>\r\n-<header>\r\n-  <div class=\"direito\">\r\n-    <a th:href=\"@{/home}\">\r\n-      <img id=\"logo\" th:src=\"@{/img/Logo_CashFlow.png}\" alt=\"Logo Cash Flow\" />\r\n-    </a>\r\n-  </div>\r\n-  <div id=\"buttons\">\r\n-    <a class=\"button header\" th:href=\"@{/home}\">Inicio</a>\r\n-    <a class=\"button header\" th:href=\"@{/travel/list}\">Viagens</a>\r\n-    <a class=\"button header\" th:href=\"@{/employee/list}\">Colaboradores</a>\r\n-    <form th:action=\"@{/logout}\" method=\"post\">\r\n-      <button class=\"button_vermelho botao_sair\">Sair</button>\r\n-    </form>\r\n-  </div>\r\n-</header>\r\n-<div class=\"box\">\r\n-  <h1><span class=\"cash\">Cash</span> <span class=\"flow\">Flow</span></h1>\r\n-  <p class=\"description\">Monitore e organize seus gastos corporativos</p>\r\n-  <div class=\"cards\">\r\n-    <div class=\"card\">\r\n-      <h3>Gestão de Despesas</h3>\r\n-      <p>Controle todas as suas despesas em um só lugar com facilidade.</p>\r\n-    </div>\r\n-    <div class=\"card\">\r\n-      <h3>Relatórios </h3>\r\n-      <p>Gere relatórios detalhados para uma análise completa das suas viajens.</p>\r\n-    </div>\r\n-    <div class=\"card\">\r\n-      <h3>Segurança</h3>\r\n-      <p>Seus dados protegidos com a mais alta segurança.</p>\r\n-    </div>\r\n-  </div>\r\n-</div>\r\n-</body>\r\n-</html>\r\n"
                },
                {
                    "date": 1716578173317,
                    "content": "Index: \n===================================================================\n--- \n+++ \n@@ -0,0 +1,50 @@\n+<!DOCTYPE html>\r\n+<html lang=\"pt-br\" xmlns:th=\"http://www.thymeleaf.org\">\r\n+<head>\r\n+  <meta charset=\"UTF-8\" />\r\n+  <meta name=\"viewport\" content=\"width=device-width, initial-scale=1.0\" />\r\n+  <link rel=\"stylesheet\" th:href=\"@{/css/viagem.css}\" />\r\n+  <link rel=\"stylesheet\" th:href=\"@{/css/home.css}\" />\r\n+  <link rel=\"stylesheet\" th:href=\"@{/css/colors.css}\" />\r\n+  <link rel=\"stylesheet\" th:href=\"@{/css/header.css}\" />\r\n+  <link rel=\"stylesheet\" th:href=\"@{/js/home.js}\" />\r\n+  <link rel=\"shortcut icon\" th:href=\"@{/img/Logo_CashFlow.png}\" />\r\n+  <title>Cash Flow</title>\r\n+\r\n+</head>\r\n+<body>\r\n+<header>\r\n+  <div class=\"direito\">\r\n+    <a th:href=\"@{/home}\">\r\n+      <!-- <img id=\"logo\" th:src=\"@{/img/Logo_CashFlow.png}\" alt=\"Logo Cash Flow\" /> -->\r\n+    </a>\r\n+  </div>\r\n+  <div id=\"buttons\">\r\n+    <a class=\"button header\" th:href=\"@{/home}\">Inicio</a>\r\n+    <a class=\"button header\" th:href=\"@{/travel/list}\">Viagens</a>\r\n+    <a class=\"button header\" th:href=\"@{/employee/list}\">Colaboradores</a>\r\n+    <form th:action=\"@{/logout}\" method=\"post\">\r\n+      <button class=\"button_vermelho botao_sair\">Sair</button>\r\n+    </form>\r\n+  </div>\r\n+</header>\r\n+<div class=\"box\">\r\n+  <h1><span class=\"cash\">Cash</span> <span class=\"flow\">Flow</span></h1>\r\n+  <p class=\"description\">Monitore e organize seus gastos corporativos</p>\r\n+  <div class=\"cards\">\r\n+    <div class=\"card\">\r\n+      <h3>Gestão de Despesas</h3>\r\n+      <p>Controle todas as suas despesas em um só lugar com facilidade.</p>\r\n+    </div>\r\n+    <div class=\"card\">\r\n+      <h3>Relatórios </h3>\r\n+      <p>Gere relatórios em PDF para uma análise completa das suas viajens.</p>\r\n+    </div>\r\n+    <div class=\"card\">\r\n+      <h3>Segurança</h3>\r\n+      <p>Seus dados protegidos com a mais alta segurança.</p>\r\n+    </div>\r\n+  </div>\r\n+</div>\r\n+</body>\r\n+</html>\r\n"
                },
                {
                    "date": 1716578197585,
                    "content": "Index: \n===================================================================\n--- \n+++ \n@@ -0,0 +1,50 @@\n+<!DOCTYPE html>\r\n+<html lang=\"pt-br\" xmlns:th=\"http://www.thymeleaf.org\">\r\n+<head>\r\n+  <meta charset=\"UTF-8\" />\r\n+  <meta name=\"viewport\" content=\"width=device-width, initial-scale=1.0\" />\r\n+  <link rel=\"stylesheet\" th:href=\"@{/css/viagem.css}\" />\r\n+  <link rel=\"stylesheet\" th:href=\"@{/css/home.css}\" />\r\n+  <link rel=\"stylesheet\" th:href=\"@{/css/colors.css}\" />\r\n+  <link rel=\"stylesheet\" th:href=\"@{/css/header.css}\" />\r\n+  <link rel=\"stylesheet\" th:href=\"@{/js/home.js}\" />\r\n+  <link rel=\"shortcut icon\" th:href=\"@{/img/Logo_CashFlow.png}\" />\r\n+  <title>Cash Flow</title>\r\n+\r\n+</head>\r\n+<body>\r\n+<header>\r\n+  <div class=\"direito\">\r\n+    <a th:href=\"@{/home}\">\r\n+      <!-- <img id=\"logo\" th:src=\"@{/img/Logo_CashFlow.png}\" alt=\"Logo Cash Flow\" /> -->\r\n+    </a>\r\n+  </div>\r\n+  <div id=\"buttons\">\r\n+    <a class=\"button header\" th:href=\"@{/home}\">Inicio</a>\r\n+    <a class=\"button header\" th:href=\"@{/travel/list}\">Viagens</a>\r\n+    <a class=\"button header\" th:href=\"@{/employee/list}\">Colaboradores</a>\r\n+    <form th:action=\"@{/logout}\" method=\"post\">\r\n+      <button class=\"button_vermelho botao_sair\">Sair</button>\r\n+    </form>\r\n+  </div>\r\n+</header>\r\n+<div class=\"box\">\r\n+  <h1><span class=\"cash\">Cash</span> <span class=\"flow\">Flow</span></h1>\r\n+  <p class=\"description\">Monitore e organize seus gastos corporativos</p>\r\n+  <div class=\"cards\">\r\n+    <div class=\"card\">\r\n+      <h3>Gestão de Despesas</h3>\r\n+      <p>Controle todas as suas despesas em um só lugar com facilidade.</p>\r\n+    </div>\r\n+    <div class=\"card\">\r\n+      <h3>Relatórios </h3>\r\n+      <p>Gere relatórios em PDF para uma análise completa das suas viajens e com</p>\r\n+    </div>\r\n+    <div class=\"card\">\r\n+      <h3>Segurança</h3>\r\n+      <p>Seus dados protegidos com a mais alta segurança.</p>\r\n+    </div>\r\n+  </div>\r\n+</div>\r\n+</body>\r\n+</html>\r\n"
                },
                {
                    "date": 1716578212956,
                    "content": "Index: \n===================================================================\n--- \n+++ \n@@ -0,0 +1,50 @@\n+<!DOCTYPE html>\r\n+<html lang=\"pt-br\" xmlns:th=\"http://www.thymeleaf.org\">\r\n+<head>\r\n+  <meta charset=\"UTF-8\" />\r\n+  <meta name=\"viewport\" content=\"width=device-width, initial-scale=1.0\" />\r\n+  <link rel=\"stylesheet\" th:href=\"@{/css/viagem.css}\" />\r\n+  <link rel=\"stylesheet\" th:href=\"@{/css/home.css}\" />\r\n+  <link rel=\"stylesheet\" th:href=\"@{/css/colors.css}\" />\r\n+  <link rel=\"stylesheet\" th:href=\"@{/css/header.css}\" />\r\n+  <link rel=\"stylesheet\" th:href=\"@{/js/home.js}\" />\r\n+  <link rel=\"shortcut icon\" th:href=\"@{/img/Logo_CashFlow.png}\" />\r\n+  <title>Cash Flow</title>\r\n+\r\n+</head>\r\n+<body>\r\n+<header>\r\n+  <div class=\"direito\">\r\n+    <a th:href=\"@{/home}\">\r\n+      <!-- <img id=\"logo\" th:src=\"@{/img/Logo_CashFlow.png}\" alt=\"Logo Cash Flow\" /> -->\r\n+    </a>\r\n+  </div>\r\n+  <div id=\"buttons\">\r\n+    <a class=\"button header\" th:href=\"@{/home}\">Inicio</a>\r\n+    <a class=\"button header\" th:href=\"@{/travel/list}\">Viagens</a>\r\n+    <a class=\"button header\" th:href=\"@{/employee/list}\">Colaboradores</a>\r\n+    <form th:action=\"@{/logout}\" method=\"post\">\r\n+      <button class=\"button_vermelho botao_sair\">Sair</button>\r\n+    </form>\r\n+  </div>\r\n+</header>\r\n+<div class=\"box\">\r\n+  <h1><span class=\"cash\">Cash</span> <span class=\"flow\">Flow</span></h1>\r\n+  <p class=\"description\">Monitore e organize seus gastos corporativos</p>\r\n+  <div class=\"cards\">\r\n+    <div class=\"card\">\r\n+      <h3>Gestão de Despesas</h3>\r\n+      <p>Controle todas as suas despesas em um só lugar com facilidade.</p>\r\n+    </div>\r\n+    <div class=\"card\">\r\n+      <h3>Relatórios </h3>\r\n+      <p>Gere relatórios em PDF para uma análise completa das suas viagens e compartilhe</p>\r\n+    </div>\r\n+    <div class=\"card\">\r\n+      <h3>Segurança</h3>\r\n+      <p>Seus dados protegidos com a mais alta segurança.</p>\r\n+    </div>\r\n+  </div>\r\n+</div>\r\n+</body>\r\n+</html>\r\n"
                }
            ],
            "date": 1716576662089,
            "name": "Commit-0",
            "content": "<!DOCTYPE html>\r\n<html lang=\"pt-br\" xmlns:th=\"http://www.thymeleaf.org\">\r\n<head>\r\n  <meta charset=\"UTF-8\" />\r\n  <meta name=\"viewport\" content=\"width=device-width, initial-scale=1.0\" />\r\n  <link rel=\"stylesheet\" th:href=\"@{/css/viagem.css}\" />\r\n  <link rel=\"stylesheet\" th:href=\"@{/css/home.css}\" />\r\n  <link rel=\"stylesheet\" th:href=\"@{/css/colors.css}\" />\r\n  <link rel=\"stylesheet\" th:href=\"@{/css/header.css}\" />\r\n  <link rel=\"stylesheet\" th:href=\"@{/js/home.js}\" />\r\n  <link rel=\"shortcut icon\" th:href=\"@{/img/Logo_CashFlow.png}\" />\r\n  <title>Cash Flow</title>\r\n  <style>\r\n    body {\r\n      background: #f4f4f9;\r\n      color: #333;\r\n      display: flex;\r\n      justify-content: center;\r\n    }\r\n    .box {\r\n      margin-top: 50px;\r\n      width: 80%;\r\n    }\r\n    h1 {\r\n      font-size: 3rem;\r\n      margin: 0;\r\n      line-height: 1;\r\n      position: relative;\r\n    }\r\n    h1 .cash {\r\n      display: block;\r\n      position: absolute;\r\n      top: -4rem;\r\n      right: 3rem;\r\n      font-size: 5rem;\r\n    }\r\n    h1 .flow {\r\n      color: #007bff;\r\n      font-size: 8rem;\r\n    }\r\n    .description {\r\n      font-size: 1.2rem;\r\n      margin: 20px 0;\r\n      color: #6c757d;\r\n    }\r\n    .cards {\r\n      display: flex;\r\n      justify-content: space-around;\r\n      margin-top: 20px;\r\n    }\r\n    .card {\r\n      background: white;\r\n      padding: 20px;\r\n      box-shadow: 0 4px 8px rgba(0, 0, 0, 0.1);\r\n      border-radius: 10px;\r\n      width: 30%;\r\n    }\r\n    .card h3 {\r\n      margin-top: 0;\r\n      color: #007bff;\r\n    }\r\n    .card p {\r\n      color: #6c757d;\r\n\r\n    }\r\n  </style>\r\n</head>\r\n<body>\r\n<header>\r\n  <div class=\"direito\">\r\n    <a th:href=\"@{/home}\">\r\n      <img id=\"logo\" th:src=\"@{/img/Logo_CashFlow.png}\" alt=\"Logo Cash Flow\" />\r\n    </a>\r\n  </div>\r\n  <div id=\"buttons\">\r\n    <a class=\"button header\" th:href=\"@{/home}\">Inicio</a>\r\n    <a class=\"button header\" th:href=\"@{/travel/list}\">Viagens</a>\r\n    <a class=\"button header\" th:href=\"@{/employee/list}\">Colaboradores</a>\r\n    <form th:action=\"@{/logout}\" method=\"post\">\r\n      <button class=\"button_vermelho botao_sair\">Sair</button>\r\n    </form>\r\n  </div>\r\n</header>\r\n<div class=\"box\">\r\n  <h1><span class=\"cash\">Cash</span> <span class=\"flow\">Flow</span></h1>\r\n  <p class=\"description\">Gerencie suas finanças de forma eficiente e inteligente</p>\r\n  <div class=\"cards\">\r\n    <div class=\"card\">\r\n      <h3>Gestão de Despesas</h3>\r\n      <p>Controle todas as suas despesas em um só lugar com facilidade.</p>\r\n    </div>\r\n    <div class=\"card\">\r\n      <h3>Relatórios </h3>\r\n      <p>Gere relatórios detalhados para uma análise completa das suas finanças.</p>\r\n    </div>\r\n    <div class=\"card\">\r\n      <h3>Segurança</h3>\r\n      <p>Seus dados financeiros protegidos com a mais alta segurança.</p>\r\n    </div>\r\n  </div>\r\n</div>\r\n</body>\r\n</html>\r\n"
        }
    ]
}